Algoritmo,Arquivo,Execucao,Parametros,Tempo_Inicio,Tempo_Termino,Tempo_Total,Melhor_Fitness
GA,albano_mod_pack,1,"Pop=5000, CXPB=0.75, MUTPB=0.15, Parada=100",2026-04-28 13:40:07.529934,2026-04-28 13:41:58.379121,0:01:50.849187,10001.944803826502
GA,albano_mod_sep,1,"Pop=5000, CXPB=0.75, MUTPB=0.15, Parada=100",2026-04-28 13:40:07.527683,2026-04-28 13:43:47.717388,0:03:40.189705,10160.184864774883
GA,albano_pack,1,"Pop=5000, CXPB=0.75, MUTPB=0.15, Parada=100",2026-04-28 13:40:07.526542,2026-04-28 13:41:53.759792,0:01:46.233250,9302.83874325135
GA,albano_sep,1,"Pop=5000, CXPB=0.75, MUTPB=0.15, Parada=100",2026-04-28 13:40:07.521603,2026-04-28 13:41:32.621978,0:01:25.100375,9311.326243251346
GA,art_10_hole_pack,1,"Pop=5000, CXPB=0.75, MUTPB=0.15, Parada=100",2026-04-28 13:40:07.520303,2026-04-28 13:41:50.807414,0:01:43.287111,162.99436306053164
GA,art_10_hole_sep,1,"Pop=5000, CXPB=0.75, MUTPB=0.15, Parada=100",2026-04-28 13:40:07.518348,2026-04-28 13:42:15.562367,0:02:08.044019,266.4983352030697
GA,art_10_irregular_pack,1,"Pop=5000, CXPB=0.75, MUTPB=0.15, Parada=100",2026-04-28 13:40:07.535794,2026-04-28 13:45:02.319743,0:04:54.783949,416.1451869393524
GA,art_10_irregular_sep,1,"Pop=5000, CXPB=0.75, MUTPB=0.15, Parada=100",2026-04-28 13:40:07.517220,2026-04-28 13:41:16.913016,0:01:09.395796,85.43540546418905
GA,art_10_regular_pack,1,"Pop=5000, CXPB=0.75, MUTPB=0.15, Parada=100",2026-04-28 13:40:07.518552,2026-04-28 13:41:02.588321,0:00:55.069769,184.22509347952405
GA,art_10_regular_sep,1,"Pop=5000, CXPB=0.75, MUTPB=0.15, Parada=100",2026-04-28 13:40:07.555595,2026-04-28 13:41:01.846185,0:00:54.290590,152.12031734086952
GA,art_11_hole_pack,1,"Pop=5000, CXPB=0.75, MUTPB=0.15, Parada=100",2026-04-28 13:40:07.550915,2026-04-28 13:41:12.205682,0:01:04.654767,94.35517593948494
GA,art_11_hole_sep,1,"Pop=5000, CXPB=0.75, MUTPB=0.15, Parada=100",2026-04-28 13:40:07.550812,2026-04-28 13:40:47.622502,0:00:40.071690,97.71833802086202
GA,art_11_irregular_pack,1,"Pop=5000, CXPB=0.75, MUTPB=0.15, Parada=100",2026-04-28 13:40:07.552893,2026-04-28 13:41:27.358700,0:01:19.805807,171.969319055137
GA,art_11_irregular_sep,1,"Pop=5000, CXPB=0.75, MUTPB=0.15, Parada=100",2026-04-28 13:40:07.568747,2026-04-28 13:41:16.771708,0:01:09.202961,102.93015152589717
GA,art_11_regular_pack,1,"Pop=5000, CXPB=0.75, MUTPB=0.15, Parada=100",2026-04-28 13:40:07.576504,2026-04-28 13:43:34.557446,0:03:26.980942,292.99470561586895
GA,art_11_regular_sep,1,"Pop=5000, CXPB=0.75, MUTPB=0.15, Parada=100",2026-04-28 13:40:50.331486,2026-04-28 13:42:19.315842,0:01:28.984356,348.5229386600101
GA,art_12_hole_pack,1,"Pop=5000, CXPB=0.75, MUTPB=0.15, Parada=100",2026-04-28 13:41:04.748883,2026-04-28 13:42:40.826369,0:01:36.077486,228.30094506481635
GA,art_12_hole_sep,1,"Pop=5000, CXPB=0.75, MUTPB=0.15, Parada=100",2026-04-28 13:41:05.735954,2026-04-28 13:43:48.156126,0:02:42.420172,438.0431429097559
GA,art_12_irregular_pack,1,"Pop=5000, CXPB=0.75, MUTPB=0.15, Parada=100",2026-04-28 13:41:15.050960,2026-04-28 13:44:55.583219,0:03:40.532259,400.0517528616843
GA,art_12_irregular_sep,1,"Pop=5000, CXPB=0.75, MUTPB=0.15, Parada=100",2026-04-28 13:41:19.887437,2026-04-28 13:42:53.935961,0:01:34.048524,234.40389673783034
GA,art_12_regular_pack,1,"Pop=5000, CXPB=0.75, MUTPB=0.15, Parada=100",2026-04-28 13:41:19.874180,2026-04-28 13:42:03.672531,0:00:43.798351,75.39984040962509
GA,art_12_regular_sep,1,"Pop=5000, CXPB=0.75, MUTPB=0.15, Parada=100",2026-04-28 13:41:30.828484,2026-04-28 13:42:02.305831,0:00:31.477347,143.30781431546436
GA,art_13_hole_pack,1,"Pop=5000, CXPB=0.75, MUTPB=0.15, Parada=100",2026-04-28 13:41:36.503408,2026-04-28 13:45:15.913719,0:03:39.410311,472.2343701855767
GA,art_13_hole_sep,1,"Pop=5000, CXPB=0.75, MUTPB=0.15, Parada=100",2026-04-28 13:41:54.042871,2026-04-28 13:45:17.205355,0:03:23.162484,378.82810936150855
GA,art_13_irregular_pack,1,"Pop=5000, CXPB=0.75, MUTPB=0.15, Parada=100",2026-04-28 13:41:57.904491,2026-04-28 13:42:45.083734,0:00:47.179243,102.15762854796814
GA,art_13_irregular_sep,1,"Pop=5000, CXPB=0.75, MUTPB=0.15, Parada=100",2026-04-28 13:42:03.199903,2026-04-28 13:43:11.738479,0:01:08.538576,195.68734604537246
GA,art_13_regular_pack,1,"Pop=5000, CXPB=0.75, MUTPB=0.15, Parada=100",2026-04-28 13:42:05.191572,2026-04-28 13:44:06.114363,0:02:00.922791,229.4663880869347
GA,art_13_regular_sep,1,"Pop=5000, CXPB=0.75, MUTPB=0.15, Parada=100",2026-04-28 13:42:06.262989,2026-04-28 13:42:42.615471,0:00:36.352482,182.83010403393726
GA,art_14_hole_pack,1,"Pop=5000, CXPB=0.75, MUTPB=0.15, Parada=100",2026-04-28 13:42:19.405921,2026-04-28 13:44:40.304248,0:02:20.898327,322.27814635769033
GA,art_14_hole_sep,1,"Pop=5000, CXPB=0.75, MUTPB=0.15, Parada=100",2026-04-28 13:42:23.884239,2026-04-28 13:45:23.380170,0:02:59.495931,403.26094249497606
GA,art_14_irregular_pack,1,"Pop=5000, CXPB=0.75, MUTPB=0.15, Parada=100",2026-04-28 13:42:44.508056,2026-04-28 13:44:02.184257,0:01:17.676201,206.6247834411493
GA,art_14_irregular_sep,1,"Pop=5000, CXPB=0.75, MUTPB=0.15, Parada=100",2026-04-28 13:42:46.040799,2026-04-28 13:43:54.755492,0:01:08.714693,138.5557928444875
GA,art_14_regular_pack,1,"Pop=5000, CXPB=0.75, MUTPB=0.15, Parada=100",2026-04-28 13:42:48.399691,2026-04-28 13:45:00.511004,0:02:12.111313,206.75713432314635
GA,art_14_regular_sep,1,"Pop=5000, CXPB=0.75, MUTPB=0.15, Parada=100",2026-04-28 13:42:58.012553,2026-04-28 13:43:46.193999,0:00:48.181446,119.34142334148439
GA,art_15_hole_pack,1,"Pop=5000, CXPB=0.75, MUTPB=0.15, Parada=100",2026-04-28 13:43:15.315153,2026-04-28 13:43:48.090921,0:00:32.775768,99.16758990153026
GA,art_15_hole_sep,1,"Pop=5000, CXPB=0.75, MUTPB=0.15, Parada=100",2026-04-28 13:43:38.590126,2026-04-28 13:44:38.484031,0:00:59.893905,113.25276157804346
GA,art_15_irregular_pack,1,"Pop=5000, CXPB=0.75, MUTPB=0.15, Parada=100",2026-04-28 13:43:48.964183,2026-04-28 13:45:34.142288,0:01:45.178105,177.1022650627914
GA,art_15_irregular_sep,1,"Pop=5000, CXPB=0.75, MUTPB=0.15, Parada=100",2026-04-28 13:43:50.904811,2026-04-28 13:46:18.799536,0:02:27.894725,384.9544102637661
GA,art_15_regular_pack,1,"Pop=5000, CXPB=0.75, MUTPB=0.15, Parada=100",2026-04-28 13:43:52.544000,2026-04-28 13:46:33.145669,0:02:40.601669,207.92813745695685
GA,art_15_regular_sep,1,"Pop=5000, CXPB=0.75, MUTPB=0.15, Parada=100",2026-04-28 13:43:53.389493,2026-04-28 13:44:16.972909,0:00:23.583416,106.37396001366034
GA,art_16_hole_pack,1,"Pop=5000, CXPB=0.75, MUTPB=0.15, Parada=100",2026-04-28 13:43:58.082014,2026-04-28 13:46:20.739942,0:02:22.657928,439.8166565328486
GA,art_16_hole_sep,1,"Pop=5000, CXPB=0.75, MUTPB=0.15, Parada=100",2026-04-28 13:44:05.933533,2026-04-28 13:45:43.805411,0:01:37.871878,284.0268117679135
GA,art_16_irregular_pack,1,"Pop=5000, CXPB=0.75, MUTPB=0.15, Parada=100",2026-04-28 13:44:09.981278,2026-04-28 13:45:55.600139,0:01:45.618861,213.2162615360309
GA,art_16_irregular_sep,1,"Pop=5000, CXPB=0.75, MUTPB=0.15, Parada=100",2026-04-28 13:44:19.619077,2026-04-28 13:46:33.852119,0:02:14.233042,289.17147295921103
GA,art_16_regular_pack,1,"Pop=5000, CXPB=0.75, MUTPB=0.15, Parada=100",2026-04-28 13:44:41.198377,2026-04-28 13:45:25.903434,0:00:44.705057,122.06553826553059
GA,art_16_regular_sep,1,"Pop=5000, CXPB=0.75, MUTPB=0.15, Parada=100",2026-04-28 13:44:44.925620,2026-04-28 13:46:11.508524,0:01:26.582904,222.91342587806628
GA,art_17_hole_pack,1,"Pop=5000, CXPB=0.75, MUTPB=0.15, Parada=100",2026-04-28 13:45:01.133583,2026-04-28 13:48:51.219099,0:03:50.085516,275.8881494517147
GA,art_17_hole_sep,1,"Pop=5000, CXPB=0.75, MUTPB=0.15, Parada=100",2026-04-28 13:45:03.961390,2026-04-28 13:46:38.831998,0:01:34.870608,140.39453879518118
GA,art_17_irregular_pack,1,"Pop=5000, CXPB=0.75, MUTPB=0.15, Parada=100",2026-04-28 13:45:08.369971,2026-04-28 13:48:15.793386,0:03:07.423415,324.32585938985017
GA,art_17_irregular_sep,1,"Pop=5000, CXPB=0.75, MUTPB=0.15, Parada=100",2026-04-28 13:45:21.816055,2026-04-28 13:46:37.122187,0:01:15.306132,181.99488096458026
GA,art_17_regular_pack,1,"Pop=5000, CXPB=0.75, MUTPB=0.15, Parada=100",2026-04-28 13:45:21.913434,2026-04-28 13:47:57.473971,0:02:35.560537,298.03493489502944
GA,art_17_regular_sep,1,"Pop=5000, CXPB=0.75, MUTPB=0.15, Parada=100",2026-04-28 13:45:28.484704,2026-04-28 13:46:17.477742,0:00:48.993038,121.20193915277457
GA,art_18_hole_pack,1,"Pop=5000, CXPB=0.75, MUTPB=0.15, Parada=100",2026-04-28 13:45:28.705771,2026-04-28 13:47:14.079364,0:01:45.373593,271.09024135799064
GA,art_18_hole_sep,1,"Pop=5000, CXPB=0.75, MUTPB=0.15, Parada=100",2026-04-28 13:45:37.676274,2026-04-28 13:47:43.112447,0:02:05.436173,317.7491042523278
GA,art_18_irregular_pack,1,"Pop=5000, CXPB=0.75, MUTPB=0.15, Parada=100",2026-04-28 13:45:47.926113,2026-04-28 13:47:51.338325,0:02:03.412212,263.2046775769741
GA,art_18_irregular_sep,1,"Pop=5000, CXPB=0.75, MUTPB=0.15, Parada=100",2026-04-28 13:45:59.389191,2026-04-28 13:47:22.491992,0:01:23.102801,258.14559844989844
GA,art_18_regular_pack,1,"Pop=5000, CXPB=0.75, MUTPB=0.15, Parada=100",2026-04-28 13:46:15.004133,2026-04-28 13:46:56.027796,0:00:41.023663,72.99074838169169
GA,art_18_regular_sep,1,"Pop=5000, CXPB=0.75, MUTPB=0.15, Parada=100",2026-04-28 13:46:20.256535,2026-04-28 13:47:35.176098,0:01:14.919563,78.22798918351812
GA,art_19_hole_pack,1,"Pop=5000, CXPB=0.75, MUTPB=0.15, Parada=100",2026-04-28 13:46:24.330050,2026-04-28 13:48:32.715881,0:02:08.385831,198.11776734633358
GA,art_19_hole_sep,1,"Pop=5000, CXPB=0.75, MUTPB=0.15, Parada=100",2026-04-28 13:46:26.764723,2026-04-28 13:48:32.345652,0:02:05.580929,510.3151780725015
GA,art_19_irregular_pack,1,"Pop=5000, CXPB=0.75, MUTPB=0.15, Parada=100",2026-04-28 13:46:36.822794,2026-04-28 13:49:47.643327,0:03:10.820533,236.2506165189403
GA,art_19_irregular_sep,1,"Pop=5000, CXPB=0.75, MUTPB=0.15, Parada=100",2026-04-28 13:46:38.131699,2026-04-28 13:48:01.477462,0:01:23.345763,164.16298710275302
GA,art_19_regular_pack,1,"Pop=5000, CXPB=0.75, MUTPB=0.15, Parada=100",2026-04-28 13:46:40.548673,2026-04-28 13:47:34.877008,0:00:54.328335,195.38343081479786
GA,art_19_regular_sep,1,"Pop=5000, CXPB=0.75, MUTPB=0.15, Parada=100",2026-04-28 13:46:41.853565,2026-04-28 13:48:09.195347,0:01:27.341782,332.91968695759834
GA,art_1_hole_pack,1,"Pop=5000, CXPB=0.75, MUTPB=0.15, Parada=100",2026-04-28 13:46:58.489159,2026-04-28 13:49:05.866786,0:02:07.377627,284.4044226615134
GA,art_1_hole_sep,1,"Pop=5000, CXPB=0.75, MUTPB=0.15, Parada=100",2026-04-28 13:47:18.274166,2026-04-28 13:48:53.279207,0:01:35.005041,449.07783924821683
GA,art_1_irregular_pack,1,"Pop=5000, CXPB=0.75, MUTPB=0.15, Parada=100",2026-04-28 13:47:26.486998,2026-04-28 13:48:16.069397,0:00:49.582399,139.02995327129375
GA,art_1_irregular_sep,1,"Pop=5000, CXPB=0.75, MUTPB=0.15, Parada=100",2026-04-28 13:47:37.704077,2026-04-28 13:49:32.881175,0:01:55.177098,156.78107876632313
GA,art_1_regular_pack,1,"Pop=5000, CXPB=0.75, MUTPB=0.15, Parada=100",2026-04-28 13:47:38.100745,2026-04-28 13:49:04.381183,0:01:26.280438,283.7192035969176
GA,art_1_regular_sep,1,"Pop=5000, CXPB=0.75, MUTPB=0.15, Parada=100",2026-04-28 13:47:47.312359,2026-04-28 13:49:16.855690,0:01:29.543331,306.17028378374783
GA,art_20_hole_pack,1,"Pop=5000, CXPB=0.75, MUTPB=0.15, Parada=100",2026-04-28 13:47:55.466183,2026-04-28 13:50:13.796365,0:02:18.330182,389.40062145678917
GA,art_20_hole_sep,1,"Pop=5000, CXPB=0.75, MUTPB=0.15, Parada=100",2026-04-28 13:48:01.721420,2026-04-28 13:49:05.910547,0:01:04.189127,103.9220482875133
GA,art_20_irregular_pack,1,"Pop=5000, CXPB=0.75, MUTPB=0.15, Parada=100",2026-04-28 13:48:04.955030,2026-04-28 13:50:16.517831,0:02:11.562801,282.9319934614495
GA,art_20_irregular_sep,1,"Pop=5000, CXPB=0.75, MUTPB=0.15, Parada=100",2026-04-28 13:48:13.505925,2026-04-28 13:49:27.345079,0:01:13.839154,206.9220388869684
GA,art_20_regular_pack,1,"Pop=5000, CXPB=0.75, MUTPB=0.15, Parada=100",2026-04-28 13:48:19.328474,2026-04-28 13:49:47.844430,0:01:28.515956,308.42973640344024
GA,art_20_regular_sep,1,"Pop=5000, CXPB=0.75, MUTPB=0.15, Parada=100",2026-04-28 13:48:20.673955,2026-04-28 13:49:56.355084,0:01:35.681129,286.1034948709955
GA,art_21_hole_pack,1,"Pop=5000, CXPB=0.75, MUTPB=0.15, Parada=100",2026-04-28 13:48:36.188026,2026-04-28 13:49:45.030535,0:01:08.842509,287.00852185478925
GA,art_21_hole_sep,1,"Pop=5000, CXPB=0.75, MUTPB=0.15, Parada=100",2026-04-28 13:48:38.299042,2026-04-28 13:49:34.556727,0:00:56.257685,106.94039593503987
GA,art_21_irregular_pack,1,"Pop=5000, CXPB=0.75, MUTPB=0.15, Parada=100",2026-04-28 13:48:55.745389,2026-04-28 13:52:05.277782,0:03:09.532393,411.5356746316891
GA,art_21_irregular_sep,1,"Pop=5000, CXPB=0.75, MUTPB=0.15, Parada=100",2026-04-28 13:48:58.354534,2026-04-28 13:50:09.463899,0:01:11.109365,142.62973718023315
GA,art_21_regular_pack,1,"Pop=5000, CXPB=0.75, MUTPB=0.15, Parada=100",2026-04-28 13:49:08.357317,2026-04-28 13:52:42.950931,0:03:34.593614,302.73428613901535
GA,art_21_regular_sep,1,"Pop=5000, CXPB=0.75, MUTPB=0.15, Parada=100",2026-04-28 13:49:08.750827,2026-04-28 13:50:45.888371,0:01:37.137544,340.7187578401598
GA,art_22_hole_pack,1,"Pop=5000, CXPB=0.75, MUTPB=0.15, Parada=100",2026-04-28 13:49:10.228611,2026-04-28 13:50:16.275892,0:01:06.047281,115.26265443204913
GA,art_22_hole_sep,1,"Pop=5000, CXPB=0.75, MUTPB=0.15, Parada=100",2026-04-28 13:49:20.581078,2026-04-28 13:51:03.666867,0:01:43.085789,224.99118985908996
GA,art_22_irregular_pack,1,"Pop=5000, CXPB=0.75, MUTPB=0.15, Parada=100",2026-04-28 13:49:30.917514,2026-04-28 13:51:49.209712,0:02:18.292198,382.86315005691154
GA,art_22_irregular_sep,1,"Pop=5000, CXPB=0.75, MUTPB=0.15, Parada=100",2026-04-28 13:49:36.281178,2026-04-28 13:51:21.462910,0:01:45.181732,238.4591523262364
GA,art_22_regular_pack,1,"Pop=5000, CXPB=0.75, MUTPB=0.15, Parada=100",2026-04-28 13:49:37.334323,2026-04-28 13:51:43.254657,0:02:05.920334,242.29808075679296
GA,art_22_regular_sep,1,"Pop=5000, CXPB=0.75, MUTPB=0.15, Parada=100",2026-04-28 13:49:49.368126,2026-04-28 13:51:24.529082,0:01:35.160956,257.6207790597949
GA,art_23_hole_pack,1,"Pop=5000, CXPB=0.75, MUTPB=0.15, Parada=100",2026-04-28 13:49:51.639611,2026-04-28 13:53:32.310490,0:03:40.670879,426.1906731451982
GA,art_23_hole_sep,1,"Pop=5000, CXPB=0.75, MUTPB=0.15, Parada=100",2026-04-28 13:49:51.946989,2026-04-28 13:51:03.643198,0:01:11.696209,195.1586128779425
GA,art_23_irregular_pack,1,"Pop=5000, CXPB=0.75, MUTPB=0.15, Parada=100",2026-04-28 13:50:00.095863,2026-04-28 13:50:59.389969,0:00:59.294106,81.82118941591898
GA,art_23_irregular_sep,1,"Pop=5000, CXPB=0.75, MUTPB=0.15, Parada=100",2026-04-28 13:50:12.540200,2026-04-28 13:50:47.913265,0:00:35.373065,110.8973762505403
GA,art_23_regular_pack,1,"Pop=5000, CXPB=0.75, MUTPB=0.15, Parada=100",2026-04-28 13:50:18.963354,2026-04-28 13:51:45.626713,0:01:26.663359,157.31423225209977
GA,art_23_regular_sep,1,"Pop=5000, CXPB=0.75, MUTPB=0.15, Parada=100",2026-04-28 13:50:19.191285,2026-04-28 13:53:05.613983,0:02:46.422698,355.1387446031417
GA,art_24_hole_pack,1,"Pop=5000, CXPB=0.75, MUTPB=0.15, Parada=100",2026-04-28 13:50:20.868268,2026-04-28 13:51:51.956207,0:01:31.087939,158.15902709247547
GA,art_24_hole_sep,1,"Pop=5000, CXPB=0.75, MUTPB=0.15, Parada=100",2026-04-28 13:50:50.104819,2026-04-28 13:54:08.057489,0:03:17.952670,384.18340747367193
GA,art_24_irregular_pack,1,"Pop=5000, CXPB=0.75, MUTPB=0.15, Parada=100",2026-04-28 13:50:50.804178,2026-04-28 13:52:08.121115,0:01:17.316937,147.22036522377206
GA,art_24_irregular_sep,1,"Pop=5000, CXPB=0.75, MUTPB=0.15, Parada=100",2026-04-28 13:51:02.152612,2026-04-28 13:52:02.354843,0:01:00.202231,212.39982839781314
GA,art_24_regular_pack,1,"Pop=5000, CXPB=0.75, MUTPB=0.15, Parada=100",2026-04-28 13:51:07.272695,2026-04-28 13:52:31.923154,0:01:24.650459,141.59907457768185
GA,art_24_regular_sep,1,"Pop=5000, CXPB=0.75, MUTPB=0.15, Parada=100",2026-04-28 13:51:07.511126,2026-04-28 13:52:21.957418,0:01:14.446292,349.6325326401514
GA,art_25_hole_pack,1,"Pop=5000, CXPB=0.75, MUTPB=0.15, Parada=100",2026-04-28 13:51:25.354661,2026-04-28 13:52:07.284472,0:00:41.929811,90.28892364165945
GA,art_25_hole_sep,1,"Pop=5000, CXPB=0.75, MUTPB=0.15, Parada=100",2026-04-28 13:51:28.052985,2026-04-28 13:52:42.103196,0:01:14.050211,144.85818709155643
GA,art_25_irregular_pack,1,"Pop=5000, CXPB=0.75, MUTPB=0.15, Parada=100",2026-04-28 13:51:47.072505,2026-04-28 13:53:50.023147,0:02:02.950642,300.9788680454327
GA,art_25_irregular_sep,1,"Pop=5000, CXPB=0.75, MUTPB=0.15, Parada=100",2026-04-28 13:51:48.739051,2026-04-28 13:53:03.049002,0:01:14.309951,246.86556967311438
GA,art_25_regular_pack,1,"Pop=5000, CXPB=0.75, MUTPB=0.15, Parada=100",2026-04-28 13:51:54.939409,2026-04-28 13:52:47.195442,0:00:52.256033,260.1130177401658
GA,art_25_regular_sep,1,"Pop=5000, CXPB=0.75, MUTPB=0.15, Parada=100",2026-04-28 13:51:55.430214,2026-04-28 13:53:20.185531,0:01:24.755317,205.25781646164182
GA,art_2_hole_pack,1,"Pop=5000, CXPB=0.75, MUTPB=0.15, Parada=100",2026-04-28 13:52:06.147362,2026-04-28 13:53:47.327656,0:01:41.180294,196.25684688471645
GA,art_2_hole_sep,1,"Pop=5000, CXPB=0.75, MUTPB=0.15, Parada=100",2026-04-28 13:52:10.164575,2026-04-28 13:55:41.121155,0:03:30.956580,384.08833328152474
GA,art_2_irregular_pack,1,"Pop=5000, CXPB=0.75, MUTPB=0.15, Parada=100",2026-04-28 13:52:10.958798,2026-04-28 13:54:14.112282,0:02:03.153484,243.95181325436093
GA,art_2_irregular_sep,1,"Pop=5000, CXPB=0.75, MUTPB=0.15, Parada=100",2026-04-28 13:52:11.445276,2026-04-28 13:55:10.146478,0:02:58.701202,348.5574554321834
GA,art_2_regular_pack,1,"Pop=5000, CXPB=0.75, MUTPB=0.15, Parada=100",2026-04-28 13:52:26.174957,2026-04-28 13:52:53.302401,0:00:27.127444,57.27749113888377
GA,art_2_regular_sep,1,"Pop=5000, CXPB=0.75, MUTPB=0.15, Parada=100",2026-04-28 13:52:35.007254,2026-04-28 13:54:36.405568,0:02:01.398314,311.34086575873147
GA,art_3_hole_pack,1,"Pop=5000, CXPB=0.75, MUTPB=0.15, Parada=100",2026-04-28 13:52:45.103486,2026-04-28 13:53:36.704223,0:00:51.600737,229.01575737709973
GA,art_3_hole_sep,1,"Pop=5000, CXPB=0.75, MUTPB=0.15, Parada=100",2026-04-28 13:52:47.490410,2026-04-28 13:53:42.747651,0:00:55.257241,96.95516177161103
GA,art_3_irregular_pack,1,"Pop=5000, CXPB=0.75, MUTPB=0.15, Parada=100",2026-04-28 13:52:51.329443,2026-04-28 13:54:34.903471,0:01:43.574028,331.31159302359436
GA,art_3_irregular_sep,1,"Pop=5000, CXPB=0.75, MUTPB=0.15, Parada=100",2026-04-28 13:52:56.097652,2026-04-28 13:54:38.725376,0:01:42.627724,246.74426973323162
GA,art_3_regular_pack,1,"Pop=5000, CXPB=0.75, MUTPB=0.15, Parada=100",2026-04-28 13:53:07.115079,2026-04-28 13:53:43.221304,0:00:36.106225,102.3757277059832
GA,art_3_regular_sep,1,"Pop=5000, CXPB=0.75, MUTPB=0.15, Parada=100",2026-04-28 13:53:10.050207,2026-04-28 13:54:05.423576,0:00:55.373369,185.81226355615672
GA,art_4_hole_pack,1,"Pop=5000, CXPB=0.75, MUTPB=0.15, Parada=100",2026-04-28 13:53:23.631191,2026-04-28 13:54:50.739609,0:01:27.108418,100.39916193656153
GA,art_4_hole_sep,1,"Pop=5000, CXPB=0.75, MUTPB=0.15, Parada=100",2026-04-28 13:53:38.038256,2026-04-28 13:56:06.334619,0:02:28.296363,285.92982500174736
GA,art_4_irregular_pack,1,"Pop=5000, CXPB=0.75, MUTPB=0.15, Parada=100",2026-04-28 13:53:40.371468,2026-04-28 13:55:47.650077,0:02:07.278609,366.2533745323505
GA,art_4_irregular_sep,1,"Pop=5000, CXPB=0.75, MUTPB=0.15, Parada=100",2026-04-28 13:53:45.476125,2026-04-28 13:55:05.252156,0:01:19.776031,212.70488513874065
GA,art_4_regular_pack,1,"Pop=5000, CXPB=0.75, MUTPB=0.15, Parada=100",2026-04-28 13:53:45.857396,2026-04-28 13:55:07.403869,0:01:21.546473,212.84772132258604
GA,art_4_regular_sep,1,"Pop=5000, CXPB=0.75, MUTPB=0.15, Parada=100",2026-04-28 13:53:51.162818,2026-04-28 13:56:03.626819,0:02:12.464001,328.03552452150655
GA,art_5_hole_pack,1,"Pop=5000, CXPB=0.75, MUTPB=0.15, Parada=100",2026-04-28 13:53:54.821759,2026-04-28 13:56:21.901488,0:02:27.079729,463.0471407039169
GA,art_5_hole_sep,1,"Pop=5000, CXPB=0.75, MUTPB=0.15, Parada=100",2026-04-28 13:54:08.540650,2026-04-28 13:55:28.730385,0:01:20.189735,292.7416667262694
GA,art_5_irregular_pack,1,"Pop=5000, CXPB=0.75, MUTPB=0.15, Parada=100",2026-04-28 13:54:12.961127,2026-04-28 13:55:08.844984,0:00:55.883857,113.31092205520117
GA,art_5_irregular_sep,1,"Pop=5000, CXPB=0.75, MUTPB=0.15, Parada=100",2026-04-28 13:54:18.349386,2026-04-28 13:55:26.628270,0:01:08.278884,192.72441208946896
GA,art_5_regular_pack,1,"Pop=5000, CXPB=0.75, MUTPB=0.15, Parada=100",2026-04-28 13:54:39.898919,2026-04-28 13:56:37.703318,0:01:57.804399,295.6438793176208
GA,art_5_regular_sep,1,"Pop=5000, CXPB=0.75, MUTPB=0.15, Parada=100",2026-04-28 13:54:40.504533,2026-04-28 13:55:25.319059,0:00:44.814526,112.79695688031255
GA,art_6_hole_pack,1,"Pop=5000, CXPB=0.75, MUTPB=0.15, Parada=100",2026-04-28 13:54:42.647589,2026-04-28 13:56:54.586177,0:02:11.938588,292.69121424334344
GA,art_6_hole_sep,1,"Pop=5000, CXPB=0.75, MUTPB=0.15, Parada=100",2026-04-28 13:54:53.593029,2026-04-28 13:57:05.294495,0:02:11.701466,403.8322970086304
GA,art_6_irregular_pack,1,"Pop=5000, CXPB=0.75, MUTPB=0.15, Parada=100",2026-04-28 13:55:08.940283,2026-04-28 13:56:39.756417,0:01:30.816134,329.93883332232656
GA,art_6_irregular_sep,1,"Pop=5000, CXPB=0.75, MUTPB=0.15, Parada=100",2026-04-28 13:55:10.751810,2026-04-28 13:56:45.947829,0:01:35.196019,185.0327695000828
GA,art_6_regular_pack,1,"Pop=5000, CXPB=0.75, MUTPB=0.15, Parada=100",2026-04-28 13:55:11.983546,2026-04-28 13:56:47.203660,0:01:35.220114,197.90589791043527
GA,art_6_regular_sep,1,"Pop=5000, CXPB=0.75, MUTPB=0.15, Parada=100",2026-04-28 13:55:15.045515,2026-04-28 13:56:08.387941,0:00:53.342426,136.88269716781457
GA,art_7_hole_pack,1,"Pop=5000, CXPB=0.75, MUTPB=0.15, Parada=100",2026-04-28 13:55:28.180162,2026-04-28 13:56:21.759277,0:00:53.579115,196.27690870972714
GA,art_7_hole_sep,1,"Pop=5000, CXPB=0.75, MUTPB=0.15, Parada=100",2026-04-28 13:55:30.132418,2026-04-28 13:57:32.075874,0:02:01.943456,358.1903857899825
GA,art_7_irregular_pack,1,"Pop=5000, CXPB=0.75, MUTPB=0.15, Parada=100",2026-04-28 13:55:32.962032,2026-04-28 13:56:28.281846,0:00:55.319814,114.28716395378748
GA,art_7_irregular_sep,1,"Pop=5000, CXPB=0.75, MUTPB=0.15, Parada=100",2026-04-28 13:55:45.800941,2026-04-28 13:57:00.623459,0:01:14.822518,109.11670420022294
GA,art_7_regular_pack,1,"Pop=5000, CXPB=0.75, MUTPB=0.15, Parada=100",2026-04-28 13:55:53.143149,2026-04-28 13:56:46.159586,0:00:53.016437,143.00983653483104
GA,art_7_regular_sep,1,"Pop=5000, CXPB=0.75, MUTPB=0.15, Parada=100",2026-04-28 13:56:07.726459,2026-04-28 13:57:20.750879,0:01:13.024420,263.0813997687794
GA,art_8_hole_pack,1,"Pop=5000, CXPB=0.75, MUTPB=0.15, Parada=100",2026-04-28 13:56:10.550071,2026-04-28 13:59:19.351106,0:03:08.801035,401.68541928586603
GA,art_8_hole_sep,1,"Pop=5000, CXPB=0.75, MUTPB=0.15, Parada=100",2026-04-28 13:56:11.229960,2026-04-28 13:59:13.420268,0:03:02.190308,401.9583520496947
GA,art_8_irregular_pack,1,"Pop=5000, CXPB=0.75, MUTPB=0.15, Parada=100",2026-04-28 13:56:25.241974,2026-04-28 13:58:35.274229,0:02:10.032255,243.12738004200224
GA,art_8_irregular_sep,1,"Pop=5000, CXPB=0.75, MUTPB=0.15, Parada=100",2026-04-28 13:56:27.565101,2026-04-28 13:57:15.465204,0:00:47.900103,136.89954889443777
GA,art_8_regular_pack,1,"Pop=5000, CXPB=0.75, MUTPB=0.15, Parada=100",2026-04-28 13:56:31.498436,2026-04-28 13:57:27.815242,0:00:56.316806,217.97183574819
GA,art_8_regular_sep,1,"Pop=5000, CXPB=0.75, MUTPB=0.15, Parada=100",2026-04-28 13:56:41.852923,2026-04-28 13:58:45.214880,0:02:03.361957,101.29092198250459
GA,art_9_hole_pack,1,"Pop=5000, CXPB=0.75, MUTPB=0.15, Parada=100",2026-04-28 13:56:44.753440,2026-04-28 13:59:13.518917,0:02:28.765477,293.19086793959497
GA,art_9_hole_sep,1,"Pop=5000, CXPB=0.75, MUTPB=0.15, Parada=100",2026-04-28 13:56:49.230505,2026-04-28 13:58:25.141132,0:01:35.910627,199.69048178329922
GA,art_9_irregular_pack,1,"Pop=5000, CXPB=0.75, MUTPB=0.15, Parada=100",2026-04-28 13:56:49.672337,2026-04-28 13:58:26.329935,0:01:36.657598,142.11602422777068
GA,art_9_irregular_sep,1,"Pop=5000, CXPB=0.75, MUTPB=0.15, Parada=100",2026-04-28 13:56:50.629829,2026-04-28 13:58:01.574524,0:01:10.944695,111.6060434291743
GA,art_9_regular_pack,1,"Pop=5000, CXPB=0.75, MUTPB=0.15, Parada=100",2026-04-28 13:56:59.022435,2026-04-28 13:59:38.444412,0:02:39.421977,218.60795659993735
GA,art_9_regular_sep,1,"Pop=5000, CXPB=0.75, MUTPB=0.15, Parada=100",2026-04-28 13:57:03.718238,2026-04-28 13:58:31.612089,0:01:27.893851,258.3566548932991
GA,blaz_mod_pack,1,"Pop=5000, CXPB=0.75, MUTPB=0.15, Parada=100",2026-04-28 13:57:10.510220,2026-04-28 13:59:25.679689,0:02:15.169469,63.732267189771505
GA,blaz_mod_sep,1,"Pop=5000, CXPB=0.75, MUTPB=0.15, Parada=100",2026-04-28 13:57:18.366279,2026-04-28 14:00:29.354072,0:03:10.987793,63.876931572508674
GA,blaz_pack,1,"Pop=5000, CXPB=0.75, MUTPB=0.15, Parada=100",2026-04-28 13:57:24.222243,2026-04-28 13:58:54.520695,0:01:30.298452,27.08048890221955
GA,blaz_sep,1,"Pop=5000, CXPB=0.75, MUTPB=0.15, Parada=100",2026-04-28 13:57:31.243843,2026-04-28 13:59:44.250615,0:02:13.006772,26.975488902219546
GA,dagli_mod_pack,1,"Pop=5000, CXPB=0.75, MUTPB=0.15, Parada=100",2026-04-28 13:57:36.775548,2026-04-28 14:00:48.402255,0:03:11.626707,93.74544860558254
GA,dagli_mod_sep,1,"Pop=5000, CXPB=0.75, MUTPB=0.15, Parada=100",2026-04-28 13:58:04.645525,2026-04-28 14:00:33.493962,0:02:28.848437,95.57590484411783
GA,dagli_pack,1,"Pop=5000, CXPB=0.75, MUTPB=0.15, Parada=100",2026-04-28 13:58:28.646819,2026-04-28 13:59:59.875750,0:01:31.228931,94.66060287942408
GA,dagli_sep,1,"Pop=5000, CXPB=0.75, MUTPB=0.15, Parada=100",2026-04-28 13:58:29.597442,2026-04-28 13:59:33.593242,0:01:03.995800,96.52560287942407
GA,dighe1_mod_pack,1,"Pop=5000, CXPB=0.75, MUTPB=0.15, Parada=100",2026-04-28 13:58:35.461819,2026-04-28 13:59:39.175684,0:01:03.713865,112.98170763029977
GA,dighe1_mod_sep,1,"Pop=5000, CXPB=0.75, MUTPB=0.15, Parada=100",2026-04-28 13:58:39.437563,2026-04-28 13:59:28.208938,0:00:48.771375,113.85565410060347
GA,dighe1_pack,1,"Pop=5000, CXPB=0.75, MUTPB=0.15, Parada=100",2026-04-28 13:58:47.866022,2026-04-28 13:59:02.932032,0:00:15.066010,107.27791991601681
GA,dighe1_sep,1,"Pop=5000, CXPB=0.75, MUTPB=0.15, Parada=100",2026-04-28 13:58:58.305611,2026-04-28 13:59:29.979820,0:00:31.674209,108.25791991601679
GA,dighe2_mod_pack,1,"Pop=5000, CXPB=0.75, MUTPB=0.15, Parada=100",2026-04-28 13:59:05.490094,2026-04-28 14:00:08.864929,0:01:03.374835,84.28709113288147
GA,dighe2_mod_sep,1,"Pop=5000, CXPB=0.75, MUTPB=0.15, Parada=100",2026-04-28 13:59:18.288753,2026-04-28 13:59:56.248806,0:00:37.960053,87.58914268922442
GA,dighe2_pack,1,"Pop=5000, CXPB=0.75, MUTPB=0.15, Parada=100",2026-04-28 13:59:18.582413,2026-04-28 14:00:48.326164,0:01:29.743751,83.64942711457707
GA,dighe2_sep,1,"Pop=5000, CXPB=0.75, MUTPB=0.15, Parada=100",2026-04-28 13:59:25.720802,2026-04-28 13:59:45.621661,0:00:19.900859,85.2994271145771
GA,fu_mod_pack,1,"Pop=5000, CXPB=0.75, MUTPB=0.15, Parada=100",2026-04-28 13:59:30.755745,2026-04-28 14:00:16.648243,0:00:45.892498,35.10972530074254
GA,fu_mod_sep,1,"Pop=5000, CXPB=0.75, MUTPB=0.15, Parada=100",2026-04-28 13:59:31.195066,2026-04-28 14:00:10.253174,0:00:39.058108,35.13596087097302
GA,fu_pack,1,"Pop=5000, CXPB=0.75, MUTPB=0.15, Parada=100",2026-04-28 13:59:32.733752,2026-04-28 13:59:59.746920,0:00:27.013168,28.987017096580686
GA,fu_sep,1,"Pop=5000, CXPB=0.75, MUTPB=0.15, Parada=100",2026-04-28 13:59:37.557784,2026-04-28 13:59:56.231569,0:00:18.673785,29.11201709658068
GA,han100_mod_pack,1,"Pop=5000, CXPB=0.75, MUTPB=0.15, Parada=100",2026-04-28 13:59:42.103755,2026-04-28 14:05:01.366526,0:05:19.262771,34207.91752204394
GA,han100_mod_sep,1,"Pop=5000, CXPB=0.75, MUTPB=0.15, Parada=100",2026-04-28 13:59:42.403554,2026-04-28 14:05:01.101237,0:05:18.697683,35688.108165045385
GA,han100_pack,1,"Pop=5000, CXPB=0.75, MUTPB=0.15, Parada=100",2026-04-28 13:59:48.196451,2026-04-28 14:02:19.421300,0:02:31.224849,32209.176286742655
GA,han100_sep,1,"Pop=5000, CXPB=0.75, MUTPB=0.15, Parada=100",2026-04-28 13:59:48.311080,2026-04-28 14:02:19.677548,0:02:31.366468,32016.896286742653
GA,han120_mod_pack,1,"Pop=5000, CXPB=0.75, MUTPB=0.15, Parada=100",2026-04-28 13:59:58.565594,2026-04-28 14:05:04.336378,0:05:05.770784,38122.69262585245
GA,han120_mod_sep,1,"Pop=5000, CXPB=0.75, MUTPB=0.15, Parada=100",2026-04-28 13:59:58.778901,2026-04-28 14:05:20.764571,0:05:21.985670,39798.64129371244
GA,han120_pack,1,"Pop=5000, CXPB=0.75, MUTPB=0.15, Parada=100",2026-04-28 14:00:02.297500,2026-04-28 14:05:16.922507,0:05:14.625007,36848.87997450507
GA,han120_sep,1,"Pop=5000, CXPB=0.75, MUTPB=0.15, Parada=100",2026-04-28 14:00:03.932561,2026-04-28 14:05:13.976174,0:05:10.043613,36913.6474745051
GA,han150_mod_pack,1,"Pop=5000, CXPB=0.75, MUTPB=0.15, Parada=100",2026-04-28 14:00:11.412584,2026-04-28 14:05:37.963964,0:05:26.551380,52736.63465662382
GA,han150_mod_sep,1,"Pop=5000, CXPB=0.75, MUTPB=0.15, Parada=100",2026-04-28 14:00:12.806867,2026-04-28 14:05:42.366765,0:05:29.559898,56032.95113024413
GA,han150_pack,1,"Pop=5000, CXPB=0.75, MUTPB=0.15, Parada=100",2026-04-28 14:00:19.194428,2026-04-28 14:05:42.581363,0:05:23.386935,49865.54396520692
GA,han150_sep,1,"Pop=5000, CXPB=0.75, MUTPB=0.15, Parada=100",2026-04-28 14:00:33.855613,2026-04-28 14:05:49.207390,0:05:15.351777,50355.036465206955
GA,han80_mod_pack,1,"Pop=5000, CXPB=0.75, MUTPB=0.15, Parada=100",2026-04-28 14:00:37.798284,2026-04-28 14:04:10.782532,0:03:32.984248,22454.679303147692
GA,han80_mod_sep,1,"Pop=5000, CXPB=0.75, MUTPB=0.15, Parada=100",2026-04-28 14:00:50.727348,2026-04-28 14:03:16.403737,0:02:25.676389,23542.85644192799
GA,han80_pack,1,"Pop=5000, CXPB=0.75, MUTPB=0.15, Parada=100",2026-04-28 14:00:52.525517,2026-04-28 14:06:02.675358,0:05:10.149841,21362.87465356931
GA,han80_sep,1,"Pop=5000, CXPB=0.75, MUTPB=0.15, Parada=100",2026-04-28 14:02:26.012684,2026-04-28 14:04:44.889013,0:02:18.876329,21382.37715356928
GA,han_mod_pack,1,"Pop=5000, CXPB=0.75, MUTPB=0.15, Parada=100",2026-04-28 14:02:26.902951,2026-04-28 14:04:42.309716,0:02:15.406765,89.13968900167784
GA,han_mod_sep,1,"Pop=5000, CXPB=0.75, MUTPB=0.15, Parada=100",2026-04-28 14:03:23.606280,2026-04-28 14:05:19.509388,0:01:55.903108,92.5154449972896
GA,han_pack,1,"Pop=5000, CXPB=0.75, MUTPB=0.15, Parada=100",2026-04-28 14:04:18.073819,2026-04-28 14:05:10.372043,0:00:52.298224,69.53099430113976
GA,han_sep,1,"Pop=5000, CXPB=0.75, MUTPB=0.15, Parada=100",2026-04-28 14:04:46.310389,2026-04-28 14:06:04.572525,0:01:18.262136,69.98349430113974
GA,jakobs1_mod_pack,1,"Pop=5000, CXPB=0.75, MUTPB=0.15, Parada=100",2026-04-28 14:04:50.223405,2026-04-28 14:05:34.286874,0:00:44.063469,47.35549948808108
GA,jakobs1_mod_sep,1,"Pop=5000, CXPB=0.75, MUTPB=0.15, Parada=100",2026-04-28 14:05:10.529928,2026-04-28 14:06:01.215015,0:00:50.685087,48.14393922951373
GA,jakobs1_pack,1,"Pop=5000, CXPB=0.75, MUTPB=0.15, Parada=100",2026-04-28 14:05:10.712065,2026-04-28 14:06:13.114386,0:01:02.402321,29.42509298140371
GA,jakobs1_sep,1,"Pop=5000, CXPB=0.75, MUTPB=0.15, Parada=100",2026-04-28 14:05:14.309584,2026-04-28 14:06:19.783472,0:01:05.473888,29.625092981403725
GA,jakobs2_mod_pack,1,"Pop=5000, CXPB=0.75, MUTPB=0.15, Parada=100",2026-04-28 14:05:14.440244,2026-04-28 14:07:12.674564,0:01:58.234320,71.78730606158014
GA,jakobs2_mod_sep,1,"Pop=5000, CXPB=0.75, MUTPB=0.15, Parada=100",2026-04-28 14:05:21.462588,2026-04-28 14:07:25.453814,0:02:03.991226,73.6161031088652
GA,jakobs2_pack,1,"Pop=5000, CXPB=0.75, MUTPB=0.15, Parada=100",2026-04-28 14:05:23.931713,2026-04-28 14:06:50.959974,0:01:27.028261,55.40294991001796
GA,jakobs2_sep,1,"Pop=5000, CXPB=0.75, MUTPB=0.15, Parada=100",2026-04-28 14:05:25.368473,2026-04-28 14:06:31.300660,0:01:05.932187,55.37544991001803
GA,jotika40_mod_pack,1,"Pop=5000, CXPB=0.75, MUTPB=0.15, Parada=100",2026-04-28 14:05:31.589550,2026-04-28 14:06:47.805678,0:01:16.216128,12788.783352272549
GA,jotika40_mod_sep,1,"Pop=5000, CXPB=0.75, MUTPB=0.15, Parada=100",2026-04-28 14:05:37.821481,2026-04-28 14:09:03.465669,0:03:25.644188,13070.506430349637
GA,jotika40_pack,1,"Pop=5000, CXPB=0.75, MUTPB=0.15, Parada=100",2026-04-28 14:05:52.861572,2026-04-28 14:07:01.804279,0:01:08.942707,12282.967159568087
GA,jotika40_sep,1,"Pop=5000, CXPB=0.75, MUTPB=0.15, Parada=100",2026-04-28 14:05:53.826810,2026-04-28 14:07:35.751067,0:01:41.924257,12306.367159568086
GA,jotika50_mod_pack,1,"Pop=5000, CXPB=0.75, MUTPB=0.15, Parada=100",2026-04-28 14:05:57.245113,2026-04-28 14:08:53.711609,0:02:56.466496,16661.40694887835
GA,jotika50_mod_sep,1,"Pop=5000, CXPB=0.75, MUTPB=0.15, Parada=100",2026-04-28 14:05:58.927365,2026-04-28 14:07:37.341066,0:01:38.413701,17359.04247270677
GA,jotika50_pack,1,"Pop=5000, CXPB=0.75, MUTPB=0.15, Parada=100",2026-04-28 14:06:04.737257,2026-04-28 14:08:03.118685,0:01:58.381428,15993.813917216556
GA,jotika50_sep,1,"Pop=5000, CXPB=0.75, MUTPB=0.15, Parada=100",2026-04-28 14:06:08.401279,2026-04-28 14:07:29.137288,0:01:20.736009,15932.891417216557
GA,jotika60_mod_pack,1,"Pop=5000, CXPB=0.75, MUTPB=0.15, Parada=100",2026-04-28 14:06:08.947721,2026-04-28 14:08:49.540202,0:02:40.592481,19765.849349068903
GA,jotika60_mod_sep,1,"Pop=5000, CXPB=0.75, MUTPB=0.15, Parada=100",2026-04-28 14:06:16.836348,2026-04-28 14:08:35.969560,0:02:19.133212,20511.004820685688
GA,jotika60_pack,1,"Pop=5000, CXPB=0.75, MUTPB=0.15, Parada=100",2026-04-28 14:06:23.323343,2026-04-28 14:08:29.779205,0:02:06.455862,19095.71769946011
GA,jotika60_sep,1,"Pop=5000, CXPB=0.75, MUTPB=0.15, Parada=100",2026-04-28 14:06:34.683319,2026-04-28 14:07:44.776141,0:01:10.092822,19189.232699460095
GA,jotika70_mod_pack,1,"Pop=5000, CXPB=0.75, MUTPB=0.15, Parada=100",2026-04-28 14:06:52.144613,2026-04-28 14:10:00.822197,0:03:08.677584,22993.851700094605
GA,jotika70_mod_sep,1,"Pop=5000, CXPB=0.75, MUTPB=0.15, Parada=100",2026-04-28 14:06:54.462590,2026-04-28 14:09:10.201808,0:02:15.739218,23719.84530746197
GA,jotika70_pack,1,"Pop=5000, CXPB=0.75, MUTPB=0.15, Parada=100",2026-04-28 14:07:05.540644,2026-04-28 14:09:33.359217,0:02:27.818573,22153.749088182343
GA,jotika70_sep,1,"Pop=5000, CXPB=0.75, MUTPB=0.15, Parada=100",2026-04-28 14:07:16.224103,2026-04-28 14:08:40.773873,0:01:24.549770,22393.831588182362
GA,mao_mod_pack,1,"Pop=5000, CXPB=0.75, MUTPB=0.15, Parada=100",2026-04-28 14:07:29.108126,2026-04-28 14:09:57.162971,0:02:28.054845,2838.7797498124914
GA,mao_mod_sep,1,"Pop=5000, CXPB=0.75, MUTPB=0.15, Parada=100",2026-04-28 14:07:33.195255,2026-04-28 14:09:52.116254,0:02:18.920999,2960.828945214125
GA,mao_pack,1,"Pop=5000, CXPB=0.75, MUTPB=0.15, Parada=100",2026-04-28 14:07:39.420570,2026-04-28 14:09:37.651114,0:01:58.230544,2554.289028194361
GA,mao_sep,1,"Pop=5000, CXPB=0.75, MUTPB=0.15, Parada=100",2026-04-28 14:07:42.946043,2026-04-28 14:09:06.540136,0:01:23.594093,2585.2665281943623
GA,marques_mod_pack,1,"Pop=5000, CXPB=0.75, MUTPB=0.15, Parada=100",2026-04-28 14:07:49.175676,2026-04-28 14:09:07.056452,0:01:17.880776,140.30127795073392
GA,marques_mod_sep,1,"Pop=5000, CXPB=0.75, MUTPB=0.15, Parada=100",2026-04-28 14:08:07.659502,2026-04-28 14:09:57.470801,0:01:49.811299,140.6325615523435
GA,marques_pack,1,"Pop=5000, CXPB=0.75, MUTPB=0.15, Parada=100",2026-04-28 14:08:37.842689,2026-04-28 14:10:26.172817,0:01:48.330128,122.70013197360525
GA,marques_sep,1,"Pop=5000, CXPB=0.75, MUTPB=0.15, Parada=100",2026-04-28 14:08:42.228540,2026-04-28 14:10:47.601069,0:02:05.372529,122.78263197360528
GA,poly1a_mod_pack,1,"Pop=5000, CXPB=0.75, MUTPB=0.15, Parada=100",2026-04-28 14:08:45.904423,2026-04-28 14:09:04.960440,0:00:19.056017,20.54802485287611
GA,poly1a_mod_sep,1,"Pop=5000, CXPB=0.75, MUTPB=0.15, Parada=100",2026-04-28 14:08:55.583919,2026-04-28 14:09:41.597517,0:00:46.013598,20.550914994395388
GA,poly1a_pack,1,"Pop=5000, CXPB=0.75, MUTPB=0.15, Parada=100",2026-04-28 14:08:59.462924,2026-04-28 14:09:24.417053,0:00:24.954129,21.388600779844037
GA,poly1a_sep,1,"Pop=5000, CXPB=0.75, MUTPB=0.15, Parada=100",2026-04-28 14:09:07.521767,2026-04-28 14:09:58.147708,0:00:50.625941,21.531100779844024
GA,poly2a_mod_pack,1,"Pop=5000, CXPB=0.75, MUTPB=0.15, Parada=100",2026-04-28 14:09:07.793116,2026-04-28 14:11:33.552969,0:02:25.759853,4717.92154816873
GA,poly2a_mod_sep,1,"Pop=5000, CXPB=0.75, MUTPB=0.15, Parada=100",2026-04-28 14:09:10.557964,2026-04-28 14:11:10.503660,0:01:59.945696,4855.641412491376
GA,poly2a_pack,1,"Pop=5000, CXPB=0.75, MUTPB=0.15, Parada=100",2026-04-28 14:09:11.254916,2026-04-28 14:10:16.620969,0:01:05.366053,4484.097991901621
GA,poly2a_sep,1,"Pop=5000, CXPB=0.75, MUTPB=0.15, Parada=100",2026-04-28 14:09:16.652734,2026-04-28 14:11:03.590214,0:01:46.937480,4566.887991901619
GA,poly2b_mod_pack,1,"Pop=5000, CXPB=0.75, MUTPB=0.15, Parada=100",2026-04-28 14:09:27.013958,2026-04-28 14:11:21.499284,0:01:54.485326,70.1050774044709
GA,poly2b_mod_sep,1,"Pop=5000, CXPB=0.75, MUTPB=0.15, Parada=100",2026-04-28 14:09:38.668997,2026-04-28 14:12:15.265151,0:02:36.596154,71.32932967020972
GA,poly2b_pack,1,"Pop=5000, CXPB=0.75, MUTPB=0.15, Parada=100",2026-04-28 14:09:41.795115,2026-04-28 14:11:12.265423,0:01:30.470308,47.56932963407319
GA,poly2b_sep,1,"Pop=5000, CXPB=0.75, MUTPB=0.15, Parada=100",2026-04-28 14:09:44.173793,2026-04-28 14:11:13.716216,0:01:29.542423,48.084329634073214
GA,poly3a_mod_pack,1,"Pop=5000, CXPB=0.75, MUTPB=0.15, Parada=100",2026-04-28 14:09:56.585795,2026-04-28 14:12:46.378044,0:02:49.792249,7737.228322728595
GA,poly3a_mod_sep,1,"Pop=5000, CXPB=0.75, MUTPB=0.15, Parada=100",2026-04-28 14:10:00.880756,2026-04-28 14:12:29.887782,0:02:29.007026,7938.817387793219
GA,poly3a_pack,1,"Pop=5000, CXPB=0.75, MUTPB=0.15, Parada=100",2026-04-28 14:10:01.673738,2026-04-28 14:11:00.856069,0:00:59.182331,7007.358237852429
GA,poly3a_sep,1,"Pop=5000, CXPB=0.75, MUTPB=0.15, Parada=100",2026-04-28 14:10:01.872524,2026-04-28 14:11:18.979015,0:01:17.106491,7122.648237852431
GA,poly3b_mod_pack,1,"Pop=5000, CXPB=0.75, MUTPB=0.15, Parada=100",2026-04-28 14:10:07.194501,2026-04-28 14:11:59.151649,0:01:51.957148,101.10719749749119
GA,poly3b_mod_sep,1,"Pop=5000, CXPB=0.75, MUTPB=0.15, Parada=100",2026-04-28 14:10:20.332783,2026-04-28 14:12:08.517803,0:01:48.185020,101.93362650857557
GA,poly3b_pack,1,"Pop=5000, CXPB=0.75, MUTPB=0.15, Parada=100",2026-04-28 14:10:29.932589,2026-04-28 14:11:46.147600,0:01:16.215011,69.38104229154168
GA,poly3b_sep,1,"Pop=5000, CXPB=0.75, MUTPB=0.15, Parada=100",2026-04-28 14:10:50.946421,2026-04-28 14:12:37.173235,0:01:46.226814,70.29604229154165
GA,poly4a_mod_pack,1,"Pop=5000, CXPB=0.75, MUTPB=0.15, Parada=100",2026-04-28 14:11:05.018703,2026-04-28 14:15:36.967041,0:04:31.948338,11288.07798368962
GA,poly4a_mod_sep,1,"Pop=5000, CXPB=0.75, MUTPB=0.15, Parada=100",2026-04-28 14:11:07.031775,2026-04-28 14:15:03.441076,0:03:56.409301,11872.086258025687
GA,poly4a_pack,1,"Pop=5000, CXPB=0.75, MUTPB=0.15, Parada=100",2026-04-28 14:11:14.685776,2026-04-28 14:12:43.790804,0:01:29.105028,9659.16098380324
GA,poly4a_sep,1,"Pop=5000, CXPB=0.75, MUTPB=0.15, Parada=100",2026-04-28 14:11:15.835100,2026-04-28 14:13:29.407076,0:02:13.571976,9835.725983803239
GA,poly4b_mod_pack,1,"Pop=5000, CXPB=0.75, MUTPB=0.15, Parada=100",2026-04-28 14:11:17.173949,2026-04-28 14:14:27.755513,0:03:10.581564,133.3848129881115
GA,poly4b_mod_sep,1,"Pop=5000, CXPB=0.75, MUTPB=0.15, Parada=100",2026-04-28 14:11:23.349678,2026-04-28 14:15:05.840292,0:03:42.490614,136.23129691044653
GA,poly4b_pack,1,"Pop=5000, CXPB=0.75, MUTPB=0.15, Parada=100",2026-04-28 14:11:25.397315,2026-04-28 14:12:32.292628,0:01:06.895313,95.26512297540492
GA,poly4b_sep,1,"Pop=5000, CXPB=0.75, MUTPB=0.15, Parada=100",2026-04-28 14:11:37.585142,2026-04-28 14:15:13.360553,0:03:35.775411,94.95262297540496
GA,poly5a_mod_pack,1,"Pop=5000, CXPB=0.75, MUTPB=0.15, Parada=100",2026-04-28 14:11:50.291125,2026-04-28 14:16:31.399318,0:04:41.108193,13549.909078184744
GA,poly5a_mod_sep,1,"Pop=5000, CXPB=0.75, MUTPB=0.15, Parada=100",2026-04-28 14:12:03.795935,2026-04-28 14:16:37.429959,0:04:33.634024,14206.7359440151
GA,poly5a_pack,1,"Pop=5000, CXPB=0.75, MUTPB=0.15, Parada=100",2026-04-28 14:12:13.182590,2026-04-28 14:15:08.684601,0:02:55.502011,12422.873729754041
GA,poly5a_sep,1,"Pop=5000, CXPB=0.75, MUTPB=0.15, Parada=100",2026-04-28 14:12:19.195171,2026-04-28 14:14:18.128038,0:01:58.932867,12767.278729754045
GA,poly5b_mod_pack,1,"Pop=5000, CXPB=0.75, MUTPB=0.15, Parada=100",2026-04-28 14:12:34.752002,2026-04-28 14:16:50.006048,0:04:15.254046,172.48031238503205
GA,poly5b_mod_sep,1,"Pop=5000, CXPB=0.75, MUTPB=0.15, Parada=100",2026-04-28 14:12:37.558968,2026-04-28 14:15:13.222446,0:02:35.663478,175.0826148356889
GA,poly5b_pack,1,"Pop=5000, CXPB=0.75, MUTPB=0.15, Parada=100",2026-04-28 14:12:41.633787,2026-04-28 14:15:30.988387,0:02:49.354600,117.61179964007198
GA,poly5b_sep,1,"Pop=5000, CXPB=0.75, MUTPB=0.15, Parada=100",2026-04-28 14:12:49.020106,2026-04-28 14:14:38.723787,0:01:49.703681,120.1067996400719
GA,shapes0_mod_pack,1,"Pop=5000, CXPB=0.75, MUTPB=0.15, Parada=100",2026-04-28 14:12:51.402245,2026-04-28 14:14:47.560283,0:01:56.158038,120.12340882455571
GA,shapes0_mod_sep,1,"Pop=5000, CXPB=0.75, MUTPB=0.15, Parada=100",2026-04-28 14:13:34.423488,2026-04-28 14:15:26.270109,0:01:51.846621,122.53990487539255
GA,shapes0_pack,1,"Pop=5000, CXPB=0.75, MUTPB=0.15, Parada=100",2026-04-28 14:14:24.057873,2026-04-28 14:17:03.583120,0:02:39.525247,116.5127234553089
GA,shapes0_sep,1,"Pop=5000, CXPB=0.75, MUTPB=0.15, Parada=100",2026-04-28 14:14:33.478739,2026-04-28 14:19:46.316569,0:05:12.837830,116.81022345530889
GA,shapes1_mod_pack,1,"Pop=5000, CXPB=0.75, MUTPB=0.15, Parada=100",2026-04-28 14:14:44.605782,2026-04-28 14:17:58.845954,0:03:14.240172,96.01497779324274
GA,shapes1_mod_sep,1,"Pop=5000, CXPB=0.75, MUTPB=0.15, Parada=100",2026-04-28 14:14:52.522662,2026-04-28 14:18:34.692630,0:03:42.169968,97.00793066809706
GA,shapes1_pack,1,"Pop=5000, CXPB=0.75, MUTPB=0.15, Parada=100",2026-04-28 14:15:10.559126,2026-04-28 14:19:21.035728,0:04:10.476602,116.65272345530892
GA,shapes1_sep,1,"Pop=5000, CXPB=0.75, MUTPB=0.15, Parada=100",2026-04-28 14:15:11.382408,2026-04-28 14:17:01.018344,0:01:49.635936,116.15022345530885
GA,shirts_mod_pack,1,"Pop=5000, CXPB=0.75, MUTPB=0.15, Parada=100",2026-04-28 14:15:14.820633,2026-04-28 14:20:32.826013,0:05:18.005380,317.2133697227608
GA,shirts_mod_sep,1,"Pop=5000, CXPB=0.75, MUTPB=0.15, Parada=100",2026-04-28 14:15:18.859478,2026-04-28 14:20:35.855634,0:05:16.996156,325.66913728441057
GA,shirts_pack,1,"Pop=5000, CXPB=0.75, MUTPB=0.15, Parada=100",2026-04-28 14:15:20.016147,2026-04-28 14:20:36.649096,0:05:16.632949,158.56104829034194
GA,shirts_sep,1,"Pop=5000, CXPB=0.75, MUTPB=0.15, Parada=100",2026-04-28 14:15:31.548008,2026-04-28 14:20:48.996179,0:05:17.448171,162.68604829034211
GA,swim_mod_pack,1,"Pop=5000, CXPB=0.75, MUTPB=0.15, Parada=100",2026-04-28 14:15:37.344235,2026-04-28 14:21:06.706782,0:05:29.362547,25876.05568923553
GA,swim_mod_sep,1,"Pop=5000, CXPB=0.75, MUTPB=0.15, Parada=100",2026-04-28 14:15:44.352159,2026-04-28 14:21:23.313832,0:05:38.961673,27668.20989747385
GA,swim_pack,1,"Pop=5000, CXPB=0.75, MUTPB=0.15, Parada=100",2026-04-28 14:16:39.942884,2026-04-28 14:21:46.667415,0:05:06.724531,19218.57859028194
GA,swim_sep,1,"Pop=5000, CXPB=0.75, MUTPB=0.15, Parada=100",2026-04-28 14:16:46.371012,2026-04-28 14:21:06.773584,0:04:20.402572,20745.966090281978
GA,trousers_mod_pack,1,"Pop=5000, CXPB=0.75, MUTPB=0.15, Parada=100",2026-04-28 14:16:56.500423,2026-04-28 14:19:13.251895,0:02:16.751472,438.0285088279832
GA,trousers_mod_sep,1,"Pop=5000, CXPB=0.75, MUTPB=0.15, Parada=100",2026-04-28 14:17:07.557561,2026-04-28 14:20:25.858916,0:03:18.301355,442.23777157805114
GA,trousers_pack,1,"Pop=5000, CXPB=0.75, MUTPB=0.15, Parada=100",2026-04-28 14:17:10.723112,2026-04-28 14:21:02.617289,0:03:51.894177,340.59165416916613
GA,trousers_sep,1,"Pop=5000, CXPB=0.75, MUTPB=0.15, Parada=100",2026-04-28 14:18:05.019979,2026-04-28 14:20:21.043803,0:02:16.023824,338.61415416916634
BRKGA,albano_mod_pack,1,"P=5000, Pe=0.3, Pm=0.1, pe=0.7, Parada=100",2026-04-28 11:08:19.982445,2026-04-28 11:13:25.978277,0:05:05.995832,9884.90629765649
BRKGA,albano_mod_sep,1,"P=5000, Pe=0.3, Pm=0.1, pe=0.7, Parada=100",2026-04-28 11:08:19.984759,2026-04-28 11:13:26.649976,0:05:06.665217,10008.612112611541
BRKGA,albano_pack,1,"P=5000, Pe=0.3, Pm=0.1, pe=0.7, Parada=100",2026-04-28 11:08:19.974490,2026-04-28 11:13:24.003436,0:05:04.028946,9248.335000000001
BRKGA,albano_sep,1,"P=5000, Pe=0.3, Pm=0.1, pe=0.7, Parada=100",2026-04-28 11:08:19.985881,2026-04-28 11:13:26.418894,0:05:06.433013,9082.915
BRKGA,art_10_hole_pack,1,"P=5000, Pe=0.3, Pm=0.1, pe=0.7, Parada=100",2026-04-28 11:08:19.984439,2026-04-28 11:13:23.519958,0:05:03.535519,153.72040214414773
BRKGA,art_10_hole_sep,1,"P=5000, Pe=0.3, Pm=0.1, pe=0.7, Parada=100",2026-04-28 11:08:19.976843,2026-04-28 11:13:27.072586,0:05:07.095743,260.65791463351934
BRKGA,art_10_irregular_pack,1,"P=5000, Pe=0.3, Pm=0.1, pe=0.7, Parada=100",2026-04-28 11:08:20.005716,2026-04-28 11:13:30.518446,0:05:10.512730,415.6278589586355
BRKGA,art_10_irregular_sep,1,"P=5000, Pe=0.3, Pm=0.1, pe=0.7, Parada=100",2026-04-28 11:08:19.998144,2026-04-28 11:13:22.270789,0:05:02.272645,75.70535221610682
BRKGA,art_10_regular_pack,1,"P=5000, Pe=0.3, Pm=0.1, pe=0.7, Parada=100",2026-04-28 11:08:20.021764,2026-04-28 11:13:24.241258,0:05:04.219494,169.4011830661424
BRKGA,art_10_regular_sep,1,"P=5000, Pe=0.3, Pm=0.1, pe=0.7, Parada=100",2026-04-28 11:08:20.012099,2026-04-28 11:13:22.101047,0:05:02.088948,133.4591889365246
BRKGA,art_11_hole_pack,1,"P=5000, Pe=0.3, Pm=0.1, pe=0.7, Parada=100",2026-04-28 11:08:20.014420,2026-04-28 11:13:23.090444,0:05:03.076024,84.94109345197637
BRKGA,art_11_hole_sep,1,"P=5000, Pe=0.3, Pm=0.1, pe=0.7, Parada=100",2026-04-28 11:08:20.025262,2026-04-28 11:13:21.365696,0:05:01.340434,86.84449560090108
BRKGA,art_11_irregular_pack,1,"P=5000, Pe=0.3, Pm=0.1, pe=0.7, Parada=100",2026-04-28 11:08:20.022290,2026-04-28 11:13:25.683144,0:05:05.660854,167.46042122785514
BRKGA,art_11_irregular_sep,1,"P=5000, Pe=0.3, Pm=0.1, pe=0.7, Parada=100",2026-04-28 11:08:20.045668,2026-04-28 11:13:22.310554,0:05:02.264886,91.25095635790376
BRKGA,art_11_regular_pack,1,"P=5000, Pe=0.3, Pm=0.1, pe=0.7, Parada=100",2026-04-28 11:08:20.049080,2026-04-28 11:13:28.603842,0:05:08.554762,288.93260152448096
BRKGA,art_11_regular_sep,1,"P=5000, Pe=0.3, Pm=0.1, pe=0.7, Parada=100",2026-04-28 11:13:23.890724,2026-04-28 11:18:33.144592,0:05:09.253868,344.65891811952207
BRKGA,art_12_hole_pack,1,"P=5000, Pe=0.3, Pm=0.1, pe=0.7, Parada=100",2026-04-28 11:13:24.951978,2026-04-28 11:18:28.335162,0:05:03.383184,219.92340080999182
BRKGA,art_12_hole_sep,1,"P=5000, Pe=0.3, Pm=0.1, pe=0.7, Parada=100",2026-04-28 11:13:25.221456,2026-04-28 11:18:33.826451,0:05:08.604995,436.2659036876764
BRKGA,art_12_irregular_pack,1,"P=5000, Pe=0.3, Pm=0.1, pe=0.7, Parada=100",2026-04-28 11:13:25.214613,2026-04-28 11:18:41.491850,0:05:16.277237,399.54331587777114
BRKGA,art_12_irregular_sep,1,"P=5000, Pe=0.3, Pm=0.1, pe=0.7, Parada=100",2026-04-28 11:13:25.953452,2026-04-28 11:18:31.759124,0:05:05.805672,231.87603455546818
BRKGA,art_12_regular_pack,1,"P=5000, Pe=0.3, Pm=0.1, pe=0.7, Parada=100",2026-04-28 11:13:27.204564,2026-04-28 11:18:28.303881,0:05:01.099317,68.81218288061413
BRKGA,art_12_regular_sep,1,"P=5000, Pe=0.3, Pm=0.1, pe=0.7, Parada=100",2026-04-28 11:13:27.756285,2026-04-28 11:18:29.733858,0:05:01.977573,127.34670658260681
BRKGA,art_13_hole_pack,1,"P=5000, Pe=0.3, Pm=0.1, pe=0.7, Parada=100",2026-04-28 11:13:28.228894,2026-04-28 11:18:44.335560,0:05:16.106666,469.2304283190101
BRKGA,art_13_hole_sep,1,"P=5000, Pe=0.3, Pm=0.1, pe=0.7, Parada=100",2026-04-28 11:13:29.453371,2026-04-28 11:18:41.893930,0:05:12.440559,378.38274770153953
BRKGA,art_13_irregular_pack,1,"P=5000, Pe=0.3, Pm=0.1, pe=0.7, Parada=100",2026-04-28 11:13:30.451306,2026-04-28 11:18:32.053169,0:05:01.601863,90.57246481002285
BRKGA,art_13_irregular_sep,1,"P=5000, Pe=0.3, Pm=0.1, pe=0.7, Parada=100",2026-04-28 11:13:31.046572,2026-04-28 11:18:34.764536,0:05:03.717964,186.2078032860984
BRKGA,art_13_regular_pack,1,"P=5000, Pe=0.3, Pm=0.1, pe=0.7, Parada=100",2026-04-28 11:13:31.356787,2026-04-28 11:18:36.140022,0:05:04.783235,222.8485785531101
BRKGA,art_13_regular_sep,1,"P=5000, Pe=0.3, Pm=0.1, pe=0.7, Parada=100",2026-04-28 11:13:31.720544,2026-04-28 11:18:35.382019,0:05:03.661475,161.31687027085718
BRKGA,art_14_hole_pack,1,"P=5000, Pe=0.3, Pm=0.1, pe=0.7, Parada=100",2026-04-28 11:13:33.094496,2026-04-28 11:18:43.585261,0:05:10.490765,320.04093022127756
BRKGA,art_14_hole_sep,1,"P=5000, Pe=0.3, Pm=0.1, pe=0.7, Parada=100",2026-04-28 11:13:36.947259,2026-04-28 11:18:44.079073,0:05:07.131814,405.96575272052195
BRKGA,art_14_irregular_pack,1,"P=5000, Pe=0.3, Pm=0.1, pe=0.7, Parada=100",2026-04-28 11:18:30.801160,2026-04-28 11:23:36.426051,0:05:05.624891,201.75771176223083
BRKGA,art_14_irregular_sep,1,"P=5000, Pe=0.3, Pm=0.1, pe=0.7, Parada=100",2026-04-28 11:18:32.200638,2026-04-28 11:23:35.809517,0:05:03.608879,122.52348534613735
BRKGA,art_14_regular_pack,1,"P=5000, Pe=0.3, Pm=0.1, pe=0.7, Parada=100",2026-04-28 11:18:32.651629,2026-04-28 11:23:36.110931,0:05:03.459302,196.76035016614017
BRKGA,art_14_regular_sep,1,"P=5000, Pe=0.3, Pm=0.1, pe=0.7, Parada=100",2026-04-28 11:18:34.948711,2026-04-28 11:23:36.321894,0:05:01.373183,105.04180337133343
BRKGA,art_15_hole_pack,1,"P=5000, Pe=0.3, Pm=0.1, pe=0.7, Parada=100",2026-04-28 11:18:36.164025,2026-04-28 11:23:38.029218,0:05:01.865193,89.69803460799454
BRKGA,art_15_hole_sep,1,"P=5000, Pe=0.3, Pm=0.1, pe=0.7, Parada=100",2026-04-28 11:18:37.883342,2026-04-28 11:23:40.400973,0:05:02.517631,100.47172944232896
BRKGA,art_15_irregular_pack,1,"P=5000, Pe=0.3, Pm=0.1, pe=0.7, Parada=100",2026-04-28 11:18:38.812643,2026-04-28 11:23:43.338116,0:05:04.525473,172.14072786547774
BRKGA,art_15_irregular_sep,1,"P=5000, Pe=0.3, Pm=0.1, pe=0.7, Parada=100",2026-04-28 11:18:38.862459,2026-04-28 11:23:52.302991,0:05:13.440532,383.85969126570626
BRKGA,art_15_regular_pack,1,"P=5000, Pe=0.3, Pm=0.1, pe=0.7, Parada=100",2026-04-28 11:18:39.626521,2026-04-28 11:23:46.027176,0:05:06.400655,204.65784651642386
BRKGA,art_15_regular_sep,1,"P=5000, Pe=0.3, Pm=0.1, pe=0.7, Parada=100",2026-04-28 11:18:40.254329,2026-04-28 11:23:41.871508,0:05:01.617179,94.89798493794395
BRKGA,art_16_hole_pack,1,"P=5000, Pe=0.3, Pm=0.1, pe=0.7, Parada=100",2026-04-28 11:18:47.087749,2026-04-28 11:23:58.365884,0:05:11.278135,438.3424879748992
BRKGA,art_16_hole_sep,1,"P=5000, Pe=0.3, Pm=0.1, pe=0.7, Parada=100",2026-04-28 11:18:47.614097,2026-04-28 11:23:53.507260,0:05:05.893163,280.6461785236011
BRKGA,art_16_irregular_pack,1,"P=5000, Pe=0.3, Pm=0.1, pe=0.7, Parada=100",2026-04-28 11:18:48.723787,2026-04-28 11:23:52.479296,0:05:03.755509,208.63455621983778
BRKGA,art_16_irregular_sep,1,"P=5000, Pe=0.3, Pm=0.1, pe=0.7, Parada=100",2026-04-28 11:18:49.825322,2026-04-28 11:23:56.192394,0:05:06.367072,286.036603103444
BRKGA,art_16_regular_pack,1,"P=5000, Pe=0.3, Pm=0.1, pe=0.7, Parada=100",2026-04-28 11:18:50.960755,2026-04-28 11:23:52.280217,0:05:01.319462,109.03907362355548
BRKGA,art_16_regular_sep,1,"P=5000, Pe=0.3, Pm=0.1, pe=0.7, Parada=100",2026-04-28 11:23:39.039702,2026-04-28 11:28:42.740637,0:05:03.700935,212.65444238745485
BRKGA,art_17_hole_pack,1,"P=5000, Pe=0.3, Pm=0.1, pe=0.7, Parada=100",2026-04-28 11:23:39.046255,2026-04-28 11:28:48.395862,0:05:09.349607,275.29245011838367
BRKGA,art_17_hole_sep,1,"P=5000, Pe=0.3, Pm=0.1, pe=0.7, Parada=100",2026-04-28 11:23:39.793498,2026-04-28 11:28:43.097508,0:05:03.304010,123.74227776159782
BRKGA,art_17_irregular_pack,1,"P=5000, Pe=0.3, Pm=0.1, pe=0.7, Parada=100",2026-04-28 11:23:40.286453,2026-04-28 11:28:47.954387,0:05:07.667934,322.9101233213575
BRKGA,art_17_irregular_sep,1,"P=5000, Pe=0.3, Pm=0.1, pe=0.7, Parada=100",2026-04-28 11:23:40.864368,2026-04-28 11:28:44.890696,0:05:04.026328,167.54822510022427
BRKGA,art_17_regular_pack,1,"P=5000, Pe=0.3, Pm=0.1, pe=0.7, Parada=100",2026-04-28 11:23:42.965511,2026-04-28 11:28:50.637602,0:05:07.672091,297.24287417661236
BRKGA,art_17_regular_sep,1,"P=5000, Pe=0.3, Pm=0.1, pe=0.7, Parada=100",2026-04-28 11:23:44.361931,2026-04-28 11:28:45.862230,0:05:01.500299,107.03017287688596
BRKGA,art_18_hole_pack,1,"P=5000, Pe=0.3, Pm=0.1, pe=0.7, Parada=100",2026-04-28 11:23:46.979894,2026-04-28 11:28:53.195716,0:05:06.215822,269.96847815836037
BRKGA,art_18_hole_sep,1,"P=5000, Pe=0.3, Pm=0.1, pe=0.7, Parada=100",2026-04-28 11:23:50.066066,2026-04-28 11:28:59.845767,0:05:09.779701,315.150496179114
BRKGA,art_18_irregular_pack,1,"P=5000, Pe=0.3, Pm=0.1, pe=0.7, Parada=100",2026-04-28 11:23:54.944190,2026-04-28 11:29:03.270820,0:05:08.326630,263.01842471614566
BRKGA,art_18_irregular_sep,1,"P=5000, Pe=0.3, Pm=0.1, pe=0.7, Parada=100",2026-04-28 11:23:56.531942,2026-04-28 11:29:00.829508,0:05:04.297566,254.76433615005925
BRKGA,art_18_regular_pack,1,"P=5000, Pe=0.3, Pm=0.1, pe=0.7, Parada=100",2026-04-28 11:23:57.926161,2026-04-28 11:28:04.899882,0:04:06.973721,67.51700562837812
BRKGA,art_18_regular_sep,1,"P=5000, Pe=0.3, Pm=0.1, pe=0.7, Parada=100",2026-04-28 11:23:58.153691,2026-04-28 11:29:00.270897,0:05:02.117206,69.3473775453997
BRKGA,art_19_hole_pack,1,"P=5000, Pe=0.3, Pm=0.1, pe=0.7, Parada=100",2026-04-28 11:24:00.924290,2026-04-28 11:29:04.794867,0:05:03.870577,192.30189628259643
BRKGA,art_19_hole_sep,1,"P=5000, Pe=0.3, Pm=0.1, pe=0.7, Parada=100",2026-04-28 11:24:04.853038,2026-04-28 11:29:14.838717,0:05:09.985679,508.3802183992931
BRKGA,art_19_irregular_pack,1,"P=5000, Pe=0.3, Pm=0.1, pe=0.7, Parada=100",2026-04-28 11:28:07.223754,2026-04-28 11:33:15.336108,0:05:08.112354,235.23859092430118
BRKGA,art_19_irregular_sep,1,"P=5000, Pe=0.3, Pm=0.1, pe=0.7, Parada=100",2026-04-28 11:28:46.283754,2026-04-28 11:33:49.125323,0:05:02.841569,149.1782232521828
BRKGA,art_19_regular_pack,1,"P=5000, Pe=0.3, Pm=0.1, pe=0.7, Parada=100",2026-04-28 11:28:46.438482,2026-04-28 11:33:50.113463,0:05:03.674981,181.48549906622338
BRKGA,art_19_regular_sep,1,"P=5000, Pe=0.3, Pm=0.1, pe=0.7, Parada=100",2026-04-28 11:28:48.524638,2026-04-28 11:33:54.539559,0:05:06.014921,331.412197883704
BRKGA,art_1_hole_pack,1,"P=5000, Pe=0.3, Pm=0.1, pe=0.7, Parada=100",2026-04-28 11:28:48.566427,2026-04-28 11:33:54.658940,0:05:06.092513,283.7094129774031
BRKGA,art_1_hole_sep,1,"P=5000, Pe=0.3, Pm=0.1, pe=0.7, Parada=100",2026-04-28 11:28:52.972682,2026-04-28 11:34:03.835999,0:05:10.863317,447.0595384711458
BRKGA,art_1_irregular_pack,1,"P=5000, Pe=0.3, Pm=0.1, pe=0.7, Parada=100",2026-04-28 11:28:53.101461,2026-04-28 11:33:56.847440,0:05:03.745979,127.82963012216338
BRKGA,art_1_irregular_sep,1,"P=5000, Pe=0.3, Pm=0.1, pe=0.7, Parada=100",2026-04-28 11:28:54.980091,2026-04-28 11:33:58.213716,0:05:03.233625,145.62895130555054
BRKGA,art_1_regular_pack,1,"P=5000, Pe=0.3, Pm=0.1, pe=0.7, Parada=100",2026-04-28 11:28:57.902092,2026-04-28 11:34:05.239855,0:05:07.337763,281.5335927268417
BRKGA,art_1_regular_sep,1,"P=5000, Pe=0.3, Pm=0.1, pe=0.7, Parada=100",2026-04-28 11:29:02.717136,2026-04-28 11:34:09.343238,0:05:06.626102,296.2681621057275
BRKGA,art_20_hole_pack,1,"P=5000, Pe=0.3, Pm=0.1, pe=0.7, Parada=100",2026-04-28 11:29:04.461002,2026-04-28 11:34:12.678087,0:05:08.217085,388.9600804617346
BRKGA,art_20_hole_sep,1,"P=5000, Pe=0.3, Pm=0.1, pe=0.7, Parada=100",2026-04-28 11:29:05.286599,2026-04-28 11:34:07.219916,0:05:01.933317,91.08410732274818
BRKGA,art_20_irregular_pack,1,"P=5000, Pe=0.3, Pm=0.1, pe=0.7, Parada=100",2026-04-28 11:29:07.718578,2026-04-28 11:34:17.169940,0:05:09.451362,280.7102846163986
BRKGA,art_20_irregular_sep,1,"P=5000, Pe=0.3, Pm=0.1, pe=0.7, Parada=100",2026-04-28 11:29:08.573738,2026-04-28 11:34:14.815905,0:05:06.242167,194.35688968412936
BRKGA,art_20_regular_pack,1,"P=5000, Pe=0.3, Pm=0.1, pe=0.7, Parada=100",2026-04-28 11:29:20.966864,2026-04-28 11:34:29.185207,0:05:08.218343,306.45761035416416
BRKGA,art_20_regular_sep,1,"P=5000, Pe=0.3, Pm=0.1, pe=0.7, Parada=100",2026-04-28 11:33:19.448600,2026-04-28 11:38:26.655118,0:05:07.206518,280.032238381802
BRKGA,art_21_hole_pack,1,"P=5000, Pe=0.3, Pm=0.1, pe=0.7, Parada=100",2026-04-28 11:33:52.605535,2026-04-28 11:38:59.145562,0:05:06.540027,285.96078955712676
BRKGA,art_21_hole_sep,1,"P=5000, Pe=0.3, Pm=0.1, pe=0.7, Parada=100",2026-04-28 11:33:53.469823,2026-04-28 11:38:56.034149,0:05:02.564326,92.91177781235379
BRKGA,art_21_irregular_pack,1,"P=5000, Pe=0.3, Pm=0.1, pe=0.7, Parada=100",2026-04-28 11:33:58.885023,2026-04-28 11:39:12.406444,0:05:13.521421,412.634274128611
BRKGA,art_21_irregular_sep,1,"P=5000, Pe=0.3, Pm=0.1, pe=0.7, Parada=100",2026-04-28 11:33:59.236543,2026-04-28 11:39:01.526136,0:05:02.289593,125.67196149404579
BRKGA,art_21_regular_pack,1,"P=5000, Pe=0.3, Pm=0.1, pe=0.7, Parada=100",2026-04-28 11:34:00.268929,2026-04-28 11:39:10.296376,0:05:10.027447,302.8484151329615
BRKGA,art_21_regular_sep,1,"P=5000, Pe=0.3, Pm=0.1, pe=0.7, Parada=100",2026-04-28 11:34:01.722421,2026-04-28 11:39:10.129373,0:05:08.406952,339.1684961634735
BRKGA,art_22_hole_pack,1,"P=5000, Pe=0.3, Pm=0.1, pe=0.7, Parada=100",2026-04-28 11:34:09.175767,2026-04-28 11:39:10.885384,0:05:01.709617,103.57886413887125
BRKGA,art_22_hole_sep,1,"P=5000, Pe=0.3, Pm=0.1, pe=0.7, Parada=100",2026-04-28 11:34:09.522452,2026-04-28 11:39:14.943170,0:05:05.420718,222.34501246727692
BRKGA,art_22_irregular_pack,1,"P=5000, Pe=0.3, Pm=0.1, pe=0.7, Parada=100",2026-04-28 11:34:10.079168,2026-04-28 11:39:19.273927,0:05:09.194759,382.4719029067997
BRKGA,art_22_irregular_sep,1,"P=5000, Pe=0.3, Pm=0.1, pe=0.7, Parada=100",2026-04-28 11:34:13.497449,2026-04-28 11:39:19.164771,0:05:05.667322,233.1258013996999
BRKGA,art_22_regular_pack,1,"P=5000, Pe=0.3, Pm=0.1, pe=0.7, Parada=100",2026-04-28 11:34:18.068355,2026-04-28 11:39:21.912684,0:05:03.844329,233.7658833008267
BRKGA,art_22_regular_sep,1,"P=5000, Pe=0.3, Pm=0.1, pe=0.7, Parada=100",2026-04-28 11:34:18.749227,2026-04-28 11:39:22.900838,0:05:04.151611,238.78898973442244
BRKGA,art_23_hole_pack,1,"P=5000, Pe=0.3, Pm=0.1, pe=0.7, Parada=100",2026-04-28 11:34:21.838268,2026-04-28 11:39:36.522523,0:05:14.684255,425.86801579760595
BRKGA,art_23_hole_sep,1,"P=5000, Pe=0.3, Pm=0.1, pe=0.7, Parada=100",2026-04-28 11:34:33.646642,2026-04-28 11:39:37.523952,0:05:03.877310,184.18941976348265
BRKGA,art_23_irregular_pack,1,"P=5000, Pe=0.3, Pm=0.1, pe=0.7, Parada=100",2026-04-28 11:38:30.613925,2026-04-28 11:43:32.683439,0:05:02.069514,73.8033074320072
BRKGA,art_23_irregular_sep,1,"P=5000, Pe=0.3, Pm=0.1, pe=0.7, Parada=100",2026-04-28 11:38:58.881731,2026-04-28 11:44:02.277029,0:05:03.395298,95.47762703296353
BRKGA,art_23_regular_pack,1,"P=5000, Pe=0.3, Pm=0.1, pe=0.7, Parada=100",2026-04-28 11:39:03.879064,2026-04-28 11:44:06.324339,0:05:02.445275,142.5464611682204
BRKGA,art_23_regular_sep,1,"P=5000, Pe=0.3, Pm=0.1, pe=0.7, Parada=100",2026-04-28 11:39:04.767199,2026-04-28 11:44:10.950333,0:05:06.183134,353.6926786415213
BRKGA,art_24_hole_pack,1,"P=5000, Pe=0.3, Pm=0.1, pe=0.7, Parada=100",2026-04-28 11:39:13.952848,2026-04-28 11:44:17.469691,0:05:03.516843,146.2965099607509
BRKGA,art_24_hole_sep,1,"P=5000, Pe=0.3, Pm=0.1, pe=0.7, Parada=100",2026-04-28 11:39:14.736073,2026-04-28 11:44:25.639232,0:05:10.903159,382.47631604969706
BRKGA,art_24_irregular_pack,1,"P=5000, Pe=0.3, Pm=0.1, pe=0.7, Parada=100",2026-04-28 11:39:15.177040,2026-04-28 11:44:19.419197,0:05:04.242157,137.20832155092845
BRKGA,art_24_irregular_sep,1,"P=5000, Pe=0.3, Pm=0.1, pe=0.7, Parada=100",2026-04-28 11:39:18.578299,2026-04-28 11:44:23.934486,0:05:05.356187,207.62033659727302
BRKGA,art_24_regular_pack,1,"P=5000, Pe=0.3, Pm=0.1, pe=0.7, Parada=100",2026-04-28 11:39:18.930613,2026-04-28 11:44:21.668245,0:05:02.737632,130.30409395849844
BRKGA,art_24_regular_sep,1,"P=5000, Pe=0.3, Pm=0.1, pe=0.7, Parada=100",2026-04-28 11:39:23.399814,2026-04-28 11:44:31.400498,0:05:08.000684,344.6233561436622
BRKGA,art_25_hole_pack,1,"P=5000, Pe=0.3, Pm=0.1, pe=0.7, Parada=100",2026-04-28 11:39:25.160495,2026-04-28 11:44:27.904619,0:05:02.744124,81.14230087476302
BRKGA,art_25_hole_sep,1,"P=5000, Pe=0.3, Pm=0.1, pe=0.7, Parada=100",2026-04-28 11:39:26.064721,2026-04-28 11:44:29.042794,0:05:02.978073,125.94822836676889
BRKGA,art_25_irregular_pack,1,"P=5000, Pe=0.3, Pm=0.1, pe=0.7, Parada=100",2026-04-28 11:39:26.866563,2026-04-28 11:44:35.897053,0:05:09.030490,300.9974939343067
BRKGA,art_25_irregular_sep,1,"P=5000, Pe=0.3, Pm=0.1, pe=0.7, Parada=100",2026-04-28 11:39:41.257922,2026-04-28 11:44:47.231961,0:05:05.974039,243.10766988464053
BRKGA,art_25_regular_pack,1,"P=5000, Pe=0.3, Pm=0.1, pe=0.7, Parada=100",2026-04-28 11:39:42.668032,2026-04-28 11:44:49.825695,0:05:07.157663,254.44696272329114
BRKGA,art_25_regular_sep,1,"P=5000, Pe=0.3, Pm=0.1, pe=0.7, Parada=100",2026-04-28 11:43:35.345036,2026-04-28 11:48:38.595234,0:05:03.250198,188.7673522002511
BRKGA,art_2_hole_pack,1,"P=5000, Pe=0.3, Pm=0.1, pe=0.7, Parada=100",2026-04-28 11:44:05.129082,2026-04-28 11:49:10.193633,0:05:05.064551,191.31323410733177
BRKGA,art_2_hole_sep,1,"P=5000, Pe=0.3, Pm=0.1, pe=0.7, Parada=100",2026-04-28 11:44:09.586624,2026-04-28 11:49:21.215409,0:05:11.628785,385.58906078229097
BRKGA,art_2_irregular_pack,1,"P=5000, Pe=0.3, Pm=0.1, pe=0.7, Parada=100",2026-04-28 11:44:15.510153,2026-04-28 11:49:20.861627,0:05:05.351474,243.52738104348254
BRKGA,art_2_irregular_sep,1,"P=5000, Pe=0.3, Pm=0.1, pe=0.7, Parada=100",2026-04-28 11:44:20.781094,2026-04-28 11:49:30.321138,0:05:09.540044,349.6203579945077
BRKGA,art_2_regular_pack,1,"P=5000, Pe=0.3, Pm=0.1, pe=0.7, Parada=100",2026-04-28 11:44:22.808070,2026-04-28 11:47:33.225267,0:03:10.417197,54.086732333232256
BRKGA,art_2_regular_sep,1,"P=5000, Pe=0.3, Pm=0.1, pe=0.7, Parada=100",2026-04-28 11:44:24.911138,2026-04-28 11:49:33.589386,0:05:08.678248,308.82433151241366
BRKGA,art_3_hole_pack,1,"P=5000, Pe=0.3, Pm=0.1, pe=0.7, Parada=100",2026-04-28 11:44:27.892567,2026-04-28 11:49:34.653122,0:05:06.760555,225.83601173172474
BRKGA,art_3_hole_sep,1,"P=5000, Pe=0.3, Pm=0.1, pe=0.7, Parada=100",2026-04-28 11:44:30.665692,2026-04-28 11:49:32.933101,0:05:02.267409,83.6993465565806
BRKGA,art_3_irregular_pack,1,"P=5000, Pe=0.3, Pm=0.1, pe=0.7, Parada=100",2026-04-28 11:44:30.712188,2026-04-28 11:49:37.952707,0:05:07.240519,329.4987333318166
BRKGA,art_3_irregular_sep,1,"P=5000, Pe=0.3, Pm=0.1, pe=0.7, Parada=100",2026-04-28 11:44:32.223918,2026-04-28 11:49:39.416763,0:05:07.192845,244.24743270823913
BRKGA,art_3_regular_pack,1,"P=5000, Pe=0.3, Pm=0.1, pe=0.7, Parada=100",2026-04-28 11:44:36.058461,2026-04-28 11:49:38.311528,0:05:02.253067,91.49858105416263
BRKGA,art_3_regular_sep,1,"P=5000, Pe=0.3, Pm=0.1, pe=0.7, Parada=100",2026-04-28 11:44:40.805200,2026-04-28 11:49:45.283661,0:05:04.478461,163.22711260134042
BRKGA,art_4_hole_pack,1,"P=5000, Pe=0.3, Pm=0.1, pe=0.7, Parada=100",2026-04-28 11:44:51.430328,2026-04-28 11:49:54.271820,0:05:02.841492,89.67804442873381
BRKGA,art_4_hole_sep,1,"P=5000, Pe=0.3, Pm=0.1, pe=0.7, Parada=100",2026-04-28 11:44:54.137724,2026-04-28 11:50:02.487806,0:05:08.350082,284.1653405166027
BRKGA,art_4_irregular_pack,1,"P=5000, Pe=0.3, Pm=0.1, pe=0.7, Parada=100",2026-04-28 11:47:35.556240,2026-04-28 11:52:43.049180,0:05:07.492940,367.93538873505764
BRKGA,art_4_irregular_sep,1,"P=5000, Pe=0.3, Pm=0.1, pe=0.7, Parada=100",2026-04-28 11:48:42.286970,2026-04-28 11:53:48.161625,0:05:05.874655,199.6942944775013
BRKGA,art_4_regular_pack,1,"P=5000, Pe=0.3, Pm=0.1, pe=0.7, Parada=100",2026-04-28 11:49:14.107725,2026-04-28 11:54:18.674819,0:05:04.567094,199.33529841711413
BRKGA,art_4_regular_sep,1,"P=5000, Pe=0.3, Pm=0.1, pe=0.7, Parada=100",2026-04-28 11:49:25.367791,2026-04-28 11:54:30.156684,0:05:04.788893,324.8251409374787
BRKGA,art_5_hole_pack,1,"P=5000, Pe=0.3, Pm=0.1, pe=0.7, Parada=100",2026-04-28 11:49:26.389311,2026-04-28 11:54:38.006757,0:05:11.617446,463.3867346084656
BRKGA,art_5_hole_sep,1,"P=5000, Pe=0.3, Pm=0.1, pe=0.7, Parada=100",2026-04-28 11:49:35.370592,2026-04-28 11:54:43.197719,0:05:07.827127,290.205828070022
BRKGA,art_5_irregular_pack,1,"P=5000, Pe=0.3, Pm=0.1, pe=0.7, Parada=100",2026-04-28 11:49:35.708782,2026-04-28 11:54:38.282173,0:05:02.573391,103.56870727244127
BRKGA,art_5_irregular_sep,1,"P=5000, Pe=0.3, Pm=0.1, pe=0.7, Parada=100",2026-04-28 11:49:38.003673,2026-04-28 11:54:43.112501,0:05:05.108828,175.73896191473517
BRKGA,art_5_regular_pack,1,"P=5000, Pe=0.3, Pm=0.1, pe=0.7, Parada=100",2026-04-28 11:49:38.734057,2026-04-28 11:54:45.603875,0:05:06.869818,294.5492738657855
BRKGA,art_5_regular_sep,1,"P=5000, Pe=0.3, Pm=0.1, pe=0.7, Parada=100",2026-04-28 11:49:40.944994,2026-04-28 11:54:43.711110,0:05:02.766116,98.62229052066871
BRKGA,art_6_hole_pack,1,"P=5000, Pe=0.3, Pm=0.1, pe=0.7, Parada=100",2026-04-28 11:49:43.419925,2026-04-28 11:54:49.066886,0:05:05.646961,291.07359092991516
BRKGA,art_6_hole_sep,1,"P=5000, Pe=0.3, Pm=0.1, pe=0.7, Parada=100",2026-04-28 11:49:43.761543,2026-04-28 11:54:57.212995,0:05:13.451452,402.592596356504
BRKGA,art_6_irregular_pack,1,"P=5000, Pe=0.3, Pm=0.1, pe=0.7, Parada=100",2026-04-28 11:49:48.583240,2026-04-28 11:54:56.664370,0:05:08.081130,328.8837041555133
BRKGA,art_6_irregular_sep,1,"P=5000, Pe=0.3, Pm=0.1, pe=0.7, Parada=100",2026-04-28 11:49:57.228021,2026-04-28 11:55:00.730598,0:05:03.502577,178.86229183407707
BRKGA,art_6_regular_pack,1,"P=5000, Pe=0.3, Pm=0.1, pe=0.7, Parada=100",2026-04-28 11:50:06.880293,2026-04-28 11:55:11.176316,0:05:04.296023,183.22991011926436
BRKGA,art_6_regular_sep,1,"P=5000, Pe=0.3, Pm=0.1, pe=0.7, Parada=100",2026-04-28 11:52:48.914997,2026-04-28 11:57:51.791763,0:05:02.876766,118.36816978750797
BRKGA,art_7_hole_pack,1,"P=5000, Pe=0.3, Pm=0.1, pe=0.7, Parada=100",2026-04-28 11:53:52.007825,2026-04-28 11:58:55.234247,0:05:03.226422,191.32546218935565
BRKGA,art_7_hole_sep,1,"P=5000, Pe=0.3, Pm=0.1, pe=0.7, Parada=100",2026-04-28 11:54:22.170267,2026-04-28 11:59:33.711555,0:05:11.541288,355.15364549170977
BRKGA,art_7_irregular_pack,1,"P=5000, Pe=0.3, Pm=0.1, pe=0.7, Parada=100",2026-04-28 11:54:34.256191,2026-04-28 11:59:37.857697,0:05:03.601506,102.4557040850153
BRKGA,art_7_irregular_sep,1,"P=5000, Pe=0.3, Pm=0.1, pe=0.7, Parada=100",2026-04-28 11:54:41.391390,2026-04-28 11:59:44.628776,0:05:03.237386,95.97422296543492
BRKGA,art_7_regular_pack,1,"P=5000, Pe=0.3, Pm=0.1, pe=0.7, Parada=100",2026-04-28 11:54:44.206235,2026-04-28 11:59:47.571803,0:05:03.365568,127.10168080848852
BRKGA,art_7_regular_sep,1,"P=5000, Pe=0.3, Pm=0.1, pe=0.7, Parada=100",2026-04-28 11:54:46.585736,2026-04-28 11:59:51.363668,0:05:04.777932,248.05947828637872
BRKGA,art_8_hole_pack,1,"P=5000, Pe=0.3, Pm=0.1, pe=0.7, Parada=100",2026-04-28 11:54:46.953690,2026-04-28 11:59:58.262903,0:05:11.309213,401.7153851777523
BRKGA,art_8_hole_sep,1,"P=5000, Pe=0.3, Pm=0.1, pe=0.7, Parada=100",2026-04-28 11:54:47.794142,2026-04-28 11:59:58.568159,0:05:10.774017,399.936387499428
BRKGA,art_8_irregular_pack,1,"P=5000, Pe=0.3, Pm=0.1, pe=0.7, Parada=100",2026-04-28 11:54:50.121672,2026-04-28 11:59:58.586658,0:05:08.464986,242.78424207792617
BRKGA,art_8_irregular_sep,1,"P=5000, Pe=0.3, Pm=0.1, pe=0.7, Parada=100",2026-04-28 11:54:53.832079,2026-04-28 11:59:55.866790,0:05:02.034711,119.2610770190159
BRKGA,art_8_regular_pack,1,"P=5000, Pe=0.3, Pm=0.1, pe=0.7, Parada=100",2026-04-28 11:55:02.076331,2026-04-28 12:00:07.549463,0:05:05.473132,207.08433946409562
BRKGA,art_8_regular_sep,1,"P=5000, Pe=0.3, Pm=0.1, pe=0.7, Parada=100",2026-04-28 11:55:02.507765,2026-04-28 12:00:05.335627,0:05:02.827862,89.58559215929067
BRKGA,art_9_hole_pack,1,"P=5000, Pe=0.3, Pm=0.1, pe=0.7, Parada=100",2026-04-28 11:55:04.642406,2026-04-28 12:00:12.625587,0:05:07.983181,292.54459985020804
BRKGA,art_9_hole_sep,1,"P=5000, Pe=0.3, Pm=0.1, pe=0.7, Parada=100",2026-04-28 11:55:14.875112,2026-04-28 12:00:20.700505,0:05:05.825393,184.78069331972216
BRKGA,art_9_irregular_pack,1,"P=5000, Pe=0.3, Pm=0.1, pe=0.7, Parada=100",2026-04-28 11:57:54.760256,2026-04-28 12:02:57.995226,0:05:03.234970,136.1390980725152
BRKGA,art_9_irregular_sep,1,"P=5000, Pe=0.3, Pm=0.1, pe=0.7, Parada=100",2026-04-28 11:58:58.859769,2026-04-28 12:04:00.846150,0:05:01.986381,95.3281292453846
BRKGA,art_9_regular_pack,1,"P=5000, Pe=0.3, Pm=0.1, pe=0.7, Parada=100",2026-04-28 11:59:38.722772,2026-04-28 12:04:44.228619,0:05:05.505847,213.64577462486872
BRKGA,art_9_regular_sep,1,"P=5000, Pe=0.3, Pm=0.1, pe=0.7, Parada=100",2026-04-28 11:59:40.967734,2026-04-28 12:04:46.095231,0:05:05.127497,245.18559310209292
BRKGA,blaz_mod_pack,1,"P=5000, Pe=0.3, Pm=0.1, pe=0.7, Parada=100",2026-04-28 11:59:47.512984,2026-04-28 12:04:55.557381,0:05:08.044397,63.50645869716966
BRKGA,blaz_mod_sep,1,"P=5000, Pe=0.3, Pm=0.1, pe=0.7, Parada=100",2026-04-28 11:59:50.572477,2026-04-28 12:04:57.483081,0:05:06.910604,64.0146243537442
BRKGA,blaz_pack,1,"P=5000, Pe=0.3, Pm=0.1, pe=0.7, Parada=100",2026-04-28 11:59:55.105171,2026-04-28 12:05:00.565533,0:05:05.460362,26.837499999999995
BRKGA,blaz_sep,1,"P=5000, Pe=0.3, Pm=0.1, pe=0.7, Parada=100",2026-04-28 11:59:59.057094,2026-04-28 12:05:04.053512,0:05:04.996418,26.742500000000007
BRKGA,dagli_mod_pack,1,"P=5000, Pe=0.3, Pm=0.1, pe=0.7, Parada=100",2026-04-28 12:00:03.031754,2026-04-28 12:05:10.516895,0:05:07.485141,93.03005088093094
BRKGA,dagli_mod_sep,1,"P=5000, Pe=0.3, Pm=0.1, pe=0.7, Parada=100",2026-04-28 12:00:03.643476,2026-04-28 12:05:10.735545,0:05:07.092069,94.62407567046823
BRKGA,dagli_pack,1,"P=5000, Pe=0.3, Pm=0.1, pe=0.7, Parada=100",2026-04-28 12:00:04.393621,2026-04-28 12:05:08.558533,0:05:04.164912,92.25499999999998
BRKGA,dagli_sep,1,"P=5000, Pe=0.3, Pm=0.1, pe=0.7, Parada=100",2026-04-28 12:00:07.988840,2026-04-28 12:05:12.119882,0:05:04.131042,92.60499999999992
BRKGA,dighe1_mod_pack,1,"P=5000, Pe=0.3, Pm=0.1, pe=0.7, Parada=100",2026-04-28 12:00:11.288664,2026-04-28 12:05:13.258601,0:05:01.969937,102.0362894768191
BRKGA,dighe1_mod_sep,1,"P=5000, Pe=0.3, Pm=0.1, pe=0.7, Parada=100",2026-04-28 12:00:17.193180,2026-04-28 12:05:19.270303,0:05:02.077123,102.65946132355695
BRKGA,dighe1_pack,1,"P=5000, Pe=0.3, Pm=0.1, pe=0.7, Parada=100",2026-04-28 12:00:24.452167,2026-04-28 12:05:25.616953,0:05:01.164786,99.21249999999999
BRKGA,dighe1_sep,1,"P=5000, Pe=0.3, Pm=0.1, pe=0.7, Parada=100",2026-04-28 12:03:01.378670,2026-04-28 12:07:45.873772,0:04:44.495102,99.24749999999997
BRKGA,dighe2_mod_pack,1,"P=5000, Pe=0.3, Pm=0.1, pe=0.7, Parada=100",2026-04-28 12:04:03.642170,2026-04-28 12:09:05.249814,0:05:01.607644,78.15098674431641
BRKGA,dighe2_mod_sep,1,"P=5000, Pe=0.3, Pm=0.1, pe=0.7, Parada=100",2026-04-28 12:04:48.030224,2026-04-28 12:09:24.131693,0:04:36.101469,78.35349718906373
BRKGA,dighe2_pack,1,"P=5000, Pe=0.3, Pm=0.1, pe=0.7, Parada=100",2026-04-28 12:04:49.875950,2026-04-28 12:08:33.622315,0:03:43.746365,78.935
BRKGA,dighe2_sep,1,"P=5000, Pe=0.3, Pm=0.1, pe=0.7, Parada=100",2026-04-28 12:05:00.099142,2026-04-28 12:08:07.061690,0:03:06.962548,78.9125
BRKGA,fu_mod_pack,1,"P=5000, Pe=0.3, Pm=0.1, pe=0.7, Parada=100",2026-04-28 12:05:02.033637,2026-04-28 12:09:52.055948,0:04:50.022311,32.341402561063845
BRKGA,fu_mod_sep,1,"P=5000, Pe=0.3, Pm=0.1, pe=0.7, Parada=100",2026-04-28 12:05:04.691421,2026-04-28 12:09:33.379379,0:04:28.687958,32.42431197620783
BRKGA,fu_pack,1,"P=5000, Pe=0.3, Pm=0.1, pe=0.7, Parada=100",2026-04-28 12:05:08.065695,2026-04-28 12:08:35.263276,0:03:27.197581,27.595000000000006
BRKGA,fu_sep,1,"P=5000, Pe=0.3, Pm=0.1, pe=0.7, Parada=100",2026-04-28 12:05:12.607093,2026-04-28 12:08:48.359809,0:03:35.752716,27.727500000000003
BRKGA,han100_mod_pack,1,"P=5000, Pe=0.3, Pm=0.1, pe=0.7, Parada=100",2026-04-28 10:51:14.350891,2026-04-28 10:56:49.581813,0:05:35.230922,34374.47942092129
BRKGA,han100_mod_sep,1,"P=5000, Pe=0.3, Pm=0.1, pe=0.7, Parada=100",2026-04-28 10:51:14.353349,2026-04-28 10:56:46.611555,0:05:32.258206,35884.55854251455
BRKGA,han100_pack,1,"P=5000, Pe=0.3, Pm=0.1, pe=0.7, Parada=100",2026-04-28 10:51:14.356622,2026-04-28 10:56:34.973040,0:05:20.616418,32199.19000000001
BRKGA,han100_sep,1,"P=5000, Pe=0.3, Pm=0.1, pe=0.7, Parada=100",2026-04-28 10:51:14.375517,2026-04-28 10:56:26.910454,0:05:12.534937,31878.70750000003
BRKGA,han120_mod_pack,1,"P=5000, Pe=0.3, Pm=0.1, pe=0.7, Parada=100",2026-04-28 10:51:14.366151,2026-04-28 10:56:46.937696,0:05:32.571545,38780.159682247504
BRKGA,han120_mod_sep,1,"P=5000, Pe=0.3, Pm=0.1, pe=0.7, Parada=100",2026-04-28 10:51:14.366470,2026-04-28 10:56:42.962096,0:05:28.595626,39988.77590552002
BRKGA,han120_pack,1,"P=5000, Pe=0.3, Pm=0.1, pe=0.7, Parada=100",2026-04-28 10:51:14.367801,2026-04-28 10:56:40.257996,0:05:25.890195,36835.982500000006
BRKGA,han120_sep,1,"P=5000, Pe=0.3, Pm=0.1, pe=0.7, Parada=100",2026-04-28 10:51:14.371087,2026-04-28 10:56:30.123325,0:05:15.752238,36958.80250000004
BRKGA,han150_mod_pack,1,"P=5000, Pe=0.3, Pm=0.1, pe=0.7, Parada=100",2026-04-28 10:51:14.365988,2026-04-28 10:57:07.032379,0:05:52.666391,52916.667013189886
BRKGA,han150_mod_sep,1,"P=5000, Pe=0.3, Pm=0.1, pe=0.7, Parada=100",2026-04-28 10:51:14.365822,2026-04-28 10:57:07.116937,0:05:52.751115,56425.54045997583
BRKGA,han150_pack,1,"P=5000, Pe=0.3, Pm=0.1, pe=0.7, Parada=100",2026-04-28 10:51:14.376381,2026-04-28 10:56:55.264444,0:05:40.888063,50252.49499999999
BRKGA,han150_sep,1,"P=5000, Pe=0.3, Pm=0.1, pe=0.7, Parada=100",2026-04-28 10:51:14.387572,2026-04-28 10:56:44.264852,0:05:29.877280,50252.84250000003
BRKGA,han80_mod_pack,1,"P=5000, Pe=0.3, Pm=0.1, pe=0.7, Parada=100",2026-04-28 10:51:14.406558,2026-04-28 10:56:31.628149,0:05:17.221591,22541.465294684003
BRKGA,han80_mod_sep,1,"P=5000, Pe=0.3, Pm=0.1, pe=0.7, Parada=100",2026-04-28 10:51:14.383094,2026-04-28 10:56:32.294494,0:05:17.911400,23413.01078319453
BRKGA,han80_pack,1,"P=5000, Pe=0.3, Pm=0.1, pe=0.7, Parada=100",2026-04-28 10:51:14.380819,2026-04-28 10:56:23.361601,0:05:08.980782,21480.88500000004
BRKGA,han80_sep,1,"P=5000, Pe=0.3, Pm=0.1, pe=0.7, Parada=100",2026-04-28 10:56:29.259942,2026-04-28 11:01:38.082905,0:05:08.822963,21234.252500000013
BRKGA,han_mod_pack,1,"P=5000, Pe=0.3, Pm=0.1, pe=0.7, Parada=100",2026-04-28 10:56:34.048996,2026-04-28 11:01:39.806002,0:05:05.757006,86.37596414111664
BRKGA,han_mod_sep,1,"P=5000, Pe=0.3, Pm=0.1, pe=0.7, Parada=100",2026-04-28 10:56:37.931204,2026-04-28 11:01:43.273231,0:05:05.342027,85.22974303003676
BRKGA,han_pack,1,"P=5000, Pe=0.3, Pm=0.1, pe=0.7, Parada=100",2026-04-28 10:56:39.670602,2026-04-28 11:01:43.468606,0:05:03.798004,63.657500000000006
BRKGA,han_sep,1,"P=5000, Pe=0.3, Pm=0.1, pe=0.7, Parada=100",2026-04-28 10:56:40.122124,2026-04-28 11:01:45.115364,0:05:04.993240,62.64000000000002
BRKGA,jakobs1_mod_pack,1,"P=5000, Pe=0.3, Pm=0.1, pe=0.7, Parada=100",2026-04-28 12:05:14.895909,2026-04-28 12:10:19.572079,0:05:04.676170,45.36239829452159
BRKGA,jakobs1_mod_sep,1,"P=5000, Pe=0.3, Pm=0.1, pe=0.7, Parada=100",2026-04-28 12:05:15.097156,2026-04-28 12:10:19.838560,0:05:04.741404,45.721193436786386
BRKGA,jakobs1_pack,1,"P=5000, Pe=0.3, Pm=0.1, pe=0.7, Parada=100",2026-04-28 12:05:16.030030,2026-04-28 12:10:21.232121,0:05:05.202091,28.827499999999997
BRKGA,jakobs1_sep,1,"P=5000, Pe=0.3, Pm=0.1, pe=0.7, Parada=100",2026-04-28 12:05:16.226071,2026-04-28 12:10:22.171322,0:05:05.945251,28.675000000000015
BRKGA,jakobs2_mod_pack,1,"P=5000, Pe=0.3, Pm=0.1, pe=0.7, Parada=100",2026-04-28 12:05:21.963249,2026-04-28 12:10:28.258631,0:05:06.295382,70.57573996373982
BRKGA,jakobs2_mod_sep,1,"P=5000, Pe=0.3, Pm=0.1, pe=0.7, Parada=100",2026-04-28 12:05:28.079635,2026-04-28 12:10:33.420970,0:05:05.341335,71.50193683252436
BRKGA,jakobs2_pack,1,"P=5000, Pe=0.3, Pm=0.1, pe=0.7, Parada=100",2026-04-28 12:07:48.339946,2026-04-28 12:12:52.641732,0:05:04.301786,52.305
BRKGA,jakobs2_sep,1,"P=5000, Pe=0.3, Pm=0.1, pe=0.7, Parada=100",2026-04-28 12:08:09.364239,2026-04-28 12:13:14.297698,0:05:04.933459,51.47250000000003
BRKGA,jotika40_mod_pack,1,"P=5000, Pe=0.3, Pm=0.1, pe=0.7, Parada=100",2026-04-28 12:08:35.919140,2026-04-28 12:13:42.613157,0:05:06.694017,12643.43577675353
BRKGA,jotika40_mod_sep,1,"P=5000, Pe=0.3, Pm=0.1, pe=0.7, Parada=100",2026-04-28 12:08:37.482866,2026-04-28 12:13:45.508219,0:05:08.025353,13002.785705266688
BRKGA,jotika40_pack,1,"P=5000, Pe=0.3, Pm=0.1, pe=0.7, Parada=100",2026-04-28 12:08:50.653178,2026-04-28 12:13:56.052997,0:05:05.399819,11657.070000000007
BRKGA,jotika40_sep,1,"P=5000, Pe=0.3, Pm=0.1, pe=0.7, Parada=100",2026-04-28 12:09:07.741119,2026-04-28 12:14:11.522826,0:05:03.781707,11455.725000000004
BRKGA,jotika50_mod_pack,1,"P=5000, Pe=0.3, Pm=0.1, pe=0.7, Parada=100",2026-04-28 12:09:26.563787,2026-04-28 12:14:34.726834,0:05:08.163047,16664.32611574992
BRKGA,jotika50_mod_sep,1,"P=5000, Pe=0.3, Pm=0.1, pe=0.7, Parada=100",2026-04-28 12:09:35.780763,2026-04-28 12:14:48.976964,0:05:13.196201,17247.18977864162
BRKGA,jotika50_pack,1,"P=5000, Pe=0.3, Pm=0.1, pe=0.7, Parada=100",2026-04-28 12:09:54.544398,2026-04-28 12:15:00.398245,0:05:05.853847,15790.020000000008
BRKGA,jotika50_sep,1,"P=5000, Pe=0.3, Pm=0.1, pe=0.7, Parada=100",2026-04-28 12:10:23.286792,2026-04-28 12:15:29.872614,0:05:06.585822,15749.465000000006
BRKGA,jotika60_mod_pack,1,"P=5000, Pe=0.3, Pm=0.1, pe=0.7, Parada=100",2026-04-28 12:10:23.459337,2026-04-28 12:15:33.232798,0:05:09.773461,19820.84897685091
BRKGA,jotika60_mod_sep,1,"P=5000, Pe=0.3, Pm=0.1, pe=0.7, Parada=100",2026-04-28 12:10:25.244793,2026-04-28 12:15:34.391103,0:05:09.146310,20536.597100682142
BRKGA,jotika60_pack,1,"P=5000, Pe=0.3, Pm=0.1, pe=0.7, Parada=100",2026-04-28 12:10:25.891854,2026-04-28 12:15:34.877802,0:05:08.985948,18993.599999999995
BRKGA,jotika60_sep,1,"P=5000, Pe=0.3, Pm=0.1, pe=0.7, Parada=100",2026-04-28 12:10:32.096129,2026-04-28 12:15:39.244661,0:05:07.148532,19088.61749999999
BRKGA,jotika70_mod_pack,1,"P=5000, Pe=0.3, Pm=0.1, pe=0.7, Parada=100",2026-04-28 12:10:37.193454,2026-04-28 12:15:52.259272,0:05:15.065818,22849.90957866021
BRKGA,jotika70_mod_sep,1,"P=5000, Pe=0.3, Pm=0.1, pe=0.7, Parada=100",2026-04-28 12:12:56.124953,2026-04-28 12:18:10.923471,0:05:14.798518,23805.673822357378
BRKGA,jotika70_pack,1,"P=5000, Pe=0.3, Pm=0.1, pe=0.7, Parada=100",2026-04-28 12:13:17.642338,2026-04-28 12:18:26.095636,0:05:08.453298,22232.379999999997
BRKGA,jotika70_sep,1,"P=5000, Pe=0.3, Pm=0.1, pe=0.7, Parada=100",2026-04-28 12:13:46.981573,2026-04-28 12:18:58.108502,0:05:11.126929,22274.84249999999
BRKGA,mao_mod_pack,1,"P=5000, Pe=0.3, Pm=0.1, pe=0.7, Parada=100",2026-04-28 12:13:50.055446,2026-04-28 12:18:58.096431,0:05:08.040985,2847.2573909369103
BRKGA,mao_mod_sep,1,"P=5000, Pe=0.3, Pm=0.1, pe=0.7, Parada=100",2026-04-28 12:13:59.726571,2026-04-28 12:19:04.563766,0:05:04.837195,2935.8132184276465
BRKGA,mao_pack,1,"P=5000, Pe=0.3, Pm=0.1, pe=0.7, Parada=100",2026-04-28 12:14:15.108148,2026-04-28 12:19:20.646905,0:05:05.538757,2536.180000000002
BRKGA,mao_sep,1,"P=5000, Pe=0.3, Pm=0.1, pe=0.7, Parada=100",2026-04-28 12:14:40.404332,2026-04-28 12:19:44.451049,0:05:04.046717,2533.117499999998
BRKGA,marques_mod_pack,1,"P=5000, Pe=0.3, Pm=0.1, pe=0.7, Parada=100",2026-04-28 12:14:54.550729,2026-04-28 12:20:01.039083,0:05:06.488354,138.15035296229556
BRKGA,marques_mod_sep,1,"P=5000, Pe=0.3, Pm=0.1, pe=0.7, Parada=100",2026-04-28 12:15:04.771814,2026-04-28 12:20:10.771282,0:05:05.999468,138.53608164453794
BRKGA,marques_pack,1,"P=5000, Pe=0.3, Pm=0.1, pe=0.7, Parada=100",2026-04-28 12:15:33.870106,2026-04-28 12:20:38.047212,0:05:04.177106,117.39249999999997
BRKGA,marques_sep,1,"P=5000, Pe=0.3, Pm=0.1, pe=0.7, Parada=100",2026-04-28 12:15:39.650052,2026-04-28 12:20:43.134841,0:05:03.484789,113.49749999999996
BRKGA,poly1a_mod_pack,1,"P=5000, Pe=0.3, Pm=0.1, pe=0.7, Parada=100",2026-04-28 12:15:39.895200,2026-04-28 12:20:20.705078,0:04:40.809878,19.10798160289782
BRKGA,poly1a_mod_sep,1,"P=5000, Pe=0.3, Pm=0.1, pe=0.7, Parada=100",2026-04-28 12:15:40.708919,2026-04-28 12:20:24.167790,0:04:43.458871,19.1303786202256
BRKGA,poly1a_pack,1,"P=5000, Pe=0.3, Pm=0.1, pe=0.7, Parada=100",2026-04-28 12:15:43.739301,2026-04-28 12:20:44.790297,0:05:01.050996,19.8325
BRKGA,poly1a_sep,1,"P=5000, Pe=0.3, Pm=0.1, pe=0.7, Parada=100",2026-04-28 12:15:58.622812,2026-04-28 12:21:00.494439,0:05:01.871627,19.905
BRKGA,poly2a_mod_pack,1,"P=5000, Pe=0.3, Pm=0.1, pe=0.7, Parada=100",2026-04-28 12:18:17.373420,2026-04-28 12:23:21.793378,0:05:04.419958,4705.073893953642
BRKGA,poly2a_mod_sep,1,"P=5000, Pe=0.3, Pm=0.1, pe=0.7, Parada=100",2026-04-28 12:18:31.527351,2026-04-28 12:23:36.531869,0:05:05.004518,4773.088990253641
BRKGA,poly2a_pack,1,"P=5000, Pe=0.3, Pm=0.1, pe=0.7, Parada=100",2026-04-28 12:19:02.836533,2026-04-28 12:24:07.331317,0:05:04.494784,4304.424999999999
BRKGA,poly2a_sep,1,"P=5000, Pe=0.3, Pm=0.1, pe=0.7, Parada=100",2026-04-28 12:19:03.282388,2026-04-28 12:24:06.957049,0:05:03.674661,4275.247500000002
BRKGA,poly2b_mod_pack,1,"P=5000, Pe=0.3, Pm=0.1, pe=0.7, Parada=100",2026-04-28 12:19:09.118182,2026-04-28 12:24:14.978853,0:05:05.860671,68.77416104574593
BRKGA,poly2b_mod_sep,1,"P=5000, Pe=0.3, Pm=0.1, pe=0.7, Parada=100",2026-04-28 12:19:24.698743,2026-04-28 12:24:29.580473,0:05:04.881730,70.00283107601415
BRKGA,poly2b_pack,1,"P=5000, Pe=0.3, Pm=0.1, pe=0.7, Parada=100",2026-04-28 12:19:48.468708,2026-04-28 12:24:53.882560,0:05:05.413852,46.21
BRKGA,poly2b_sep,1,"P=5000, Pe=0.3, Pm=0.1, pe=0.7, Parada=100",2026-04-28 12:20:05.243767,2026-04-28 12:25:10.531418,0:05:05.287651,46.05499999999998
BRKGA,poly3a_mod_pack,1,"P=5000, Pe=0.3, Pm=0.1, pe=0.7, Parada=100",2026-04-28 12:20:14.994274,2026-04-28 12:25:26.127807,0:05:11.133533,7730.48023800486
BRKGA,poly3a_mod_sep,1,"P=5000, Pe=0.3, Pm=0.1, pe=0.7, Parada=100",2026-04-28 12:20:23.156637,2026-04-28 12:25:29.544019,0:05:06.387382,7939.676939618303
BRKGA,poly3a_pack,1,"P=5000, Pe=0.3, Pm=0.1, pe=0.7, Parada=100",2026-04-28 12:20:26.600135,2026-04-28 12:25:31.720744,0:05:05.120609,6956.880000000002
BRKGA,poly3a_sep,1,"P=5000, Pe=0.3, Pm=0.1, pe=0.7, Parada=100",2026-04-28 12:20:41.969069,2026-04-28 12:25:48.584610,0:05:06.615541,7083.337500000004
BRKGA,poly3b_mod_pack,1,"P=5000, Pe=0.3, Pm=0.1, pe=0.7, Parada=100",2026-04-28 12:20:46.765864,2026-04-28 12:25:53.300927,0:05:06.535063,100.57692437068286
BRKGA,poly3b_mod_sep,1,"P=5000, Pe=0.3, Pm=0.1, pe=0.7, Parada=100",2026-04-28 12:20:47.334197,2026-04-28 12:25:54.074002,0:05:06.739805,102.02062979867321
BRKGA,poly3b_pack,1,"P=5000, Pe=0.3, Pm=0.1, pe=0.7, Parada=100",2026-04-28 12:21:03.119284,2026-04-28 12:26:09.314272,0:05:06.194988,68.95499999999998
BRKGA,poly3b_sep,1,"P=5000, Pe=0.3, Pm=0.1, pe=0.7, Parada=100",2026-04-28 12:23:25.941344,2026-04-28 12:28:34.559307,0:05:08.617963,69.57749999999999
BRKGA,poly4a_mod_pack,1,"P=5000, Pe=0.3, Pm=0.1, pe=0.7, Parada=100",2026-04-28 12:23:40.758149,2026-04-28 12:28:55.416907,0:05:14.658758,11336.415097689636
BRKGA,poly4a_mod_sep,1,"P=5000, Pe=0.3, Pm=0.1, pe=0.7, Parada=100",2026-04-28 12:24:10.374095,2026-04-28 12:29:25.297555,0:05:14.923460,11910.794077825874
BRKGA,poly4a_pack,1,"P=5000, Pe=0.3, Pm=0.1, pe=0.7, Parada=100",2026-04-28 12:24:10.879897,2026-04-28 12:29:21.239619,0:05:10.359722,9654.117500000011
BRKGA,poly4a_sep,1,"P=5000, Pe=0.3, Pm=0.1, pe=0.7, Parada=100",2026-04-28 12:24:18.876486,2026-04-28 12:29:26.476362,0:05:07.599876,9824.432500000008
BRKGA,poly4b_mod_pack,1,"P=5000, Pe=0.3, Pm=0.1, pe=0.7, Parada=100",2026-04-28 12:24:33.481218,2026-04-28 12:29:42.626759,0:05:09.145541,133.81329671707425
BRKGA,poly4b_mod_sep,1,"P=5000, Pe=0.3, Pm=0.1, pe=0.7, Parada=100",2026-04-28 12:24:57.382134,2026-04-28 12:30:07.026733,0:05:09.644599,135.8334541133316
BRKGA,poly4b_pack,1,"P=5000, Pe=0.3, Pm=0.1, pe=0.7, Parada=100",2026-04-28 12:25:14.012123,2026-04-28 12:30:21.580859,0:05:07.568736,94.86750000000004
BRKGA,poly4b_sep,1,"P=5000, Pe=0.3, Pm=0.1, pe=0.7, Parada=100",2026-04-28 12:25:31.235266,2026-04-28 12:30:44.000924,0:05:12.765658,95.3725
BRKGA,poly5a_mod_pack,1,"P=5000, Pe=0.3, Pm=0.1, pe=0.7, Parada=100",2026-04-28 12:25:34.697632,2026-04-28 12:31:00.434920,0:05:25.737288,13562.347004300722
BRKGA,poly5a_mod_sep,1,"P=5000, Pe=0.3, Pm=0.1, pe=0.7, Parada=100",2026-04-28 12:25:36.201404,2026-04-28 12:31:02.481842,0:05:26.280438,14226.108377663964
BRKGA,poly5a_pack,1,"P=5000, Pe=0.3, Pm=0.1, pe=0.7, Parada=100",2026-04-28 12:25:52.832758,2026-04-28 12:31:07.159512,0:05:14.326754,12448.60250000001
BRKGA,poly5a_sep,1,"P=5000, Pe=0.3, Pm=0.1, pe=0.7, Parada=100",2026-04-28 12:25:58.253829,2026-04-28 12:31:13.911459,0:05:15.657630,12742.077499999998
BRKGA,poly5b_mod_pack,1,"P=5000, Pe=0.3, Pm=0.1, pe=0.7, Parada=100",2026-04-28 12:25:58.889927,2026-04-28 12:31:12.277931,0:05:13.388004,173.11133888707388
BRKGA,poly5b_mod_sep,1,"P=5000, Pe=0.3, Pm=0.1, pe=0.7, Parada=100",2026-04-28 12:26:13.649074,2026-04-28 12:31:28.128109,0:05:14.479035,174.38484763032662
BRKGA,poly5b_pack,1,"P=5000, Pe=0.3, Pm=0.1, pe=0.7, Parada=100",2026-04-28 12:28:38.911995,2026-04-28 12:33:53.254956,0:05:14.342961,117.72000000000001
BRKGA,poly5b_sep,1,"P=5000, Pe=0.3, Pm=0.1, pe=0.7, Parada=100",2026-04-28 12:29:02.844942,2026-04-28 12:34:20.136498,0:05:17.291556,119.42750000000004
BRKGA,shapes0_mod_pack,1,"P=5000, Pe=0.3, Pm=0.1, pe=0.7, Parada=100",2026-04-28 12:29:26.582716,2026-04-28 12:34:33.548131,0:05:06.965415,119.46978470727927
BRKGA,shapes0_mod_sep,1,"P=5000, Pe=0.3, Pm=0.1, pe=0.7, Parada=100",2026-04-28 12:29:31.688376,2026-04-28 12:34:38.882558,0:05:07.194182,122.28737979340804
BRKGA,shapes0_pack,1,"P=5000, Pe=0.3, Pm=0.1, pe=0.7, Parada=100",2026-04-28 12:29:32.858291,2026-04-28 12:34:49.507186,0:05:16.648895,116.12999999999997
BRKGA,shapes0_sep,1,"P=5000, Pe=0.3, Pm=0.1, pe=0.7, Parada=100",2026-04-28 12:29:48.542705,2026-04-28 12:35:09.324013,0:05:20.781308,117.33249999999998
BRKGA,shapes1_mod_pack,1,"P=5000, Pe=0.3, Pm=0.1, pe=0.7, Parada=100",2026-04-28 12:30:12.838463,2026-04-28 12:35:29.832650,0:05:16.994187,95.27663591104618
BRKGA,shapes1_mod_sep,1,"P=5000, Pe=0.3, Pm=0.1, pe=0.7, Parada=100",2026-04-28 12:30:26.854699,2026-04-28 12:35:44.267650,0:05:17.412951,97.11735750202884
BRKGA,shapes1_pack,1,"P=5000, Pe=0.3, Pm=0.1, pe=0.7, Parada=100",2026-04-28 12:30:49.221673,2026-04-28 12:36:03.338442,0:05:14.116769,116.89750000000008
BRKGA,shapes1_sep,1,"P=5000, Pe=0.3, Pm=0.1, pe=0.7, Parada=100",2026-04-28 12:31:09.573271,2026-04-28 12:36:27.222268,0:05:17.648997,116.3149999999998
BRKGA,shirts_mod_pack,1,"P=5000, Pe=0.3, Pm=0.1, pe=0.7, Parada=100",2026-04-28 12:31:11.677721,2026-04-28 12:36:44.868607,0:05:33.190886,319.5296338872269
BRKGA,shirts_mod_sep,1,"P=5000, Pe=0.3, Pm=0.1, pe=0.7, Parada=100",2026-04-28 12:31:13.661266,2026-04-28 12:36:46.094297,0:05:32.433031,327.5015806844514
BRKGA,shirts_pack,1,"P=5000, Pe=0.3, Pm=0.1, pe=0.7, Parada=100",2026-04-28 12:31:19.352917,2026-04-28 12:36:54.016902,0:05:34.663985,158.9400000000001
BRKGA,shirts_sep,1,"P=5000, Pe=0.3, Pm=0.1, pe=0.7, Parada=100",2026-04-28 12:31:20.157419,2026-04-28 12:36:42.083822,0:05:21.926403,163.34499999999983
BRKGA,swim_mod_pack,1,"P=5000, Pe=0.3, Pm=0.1, pe=0.7, Parada=100",2026-04-28 12:31:34.844285,2026-04-28 12:38:31.261234,0:06:56.416949,26105.56367705166
BRKGA,swim_mod_sep,1,"P=5000, Pe=0.3, Pm=0.1, pe=0.7, Parada=100",2026-04-28 12:33:59.537251,2026-04-28 12:41:01.831469,0:07:02.294218,28170.028627162774
BRKGA,swim_pack,1,"P=5000, Pe=0.3, Pm=0.1, pe=0.7, Parada=100",2026-04-28 12:34:26.198039,2026-04-28 12:40:17.405063,0:05:51.207024,19366.557499999995
BRKGA,swim_sep,1,"P=5000, Pe=0.3, Pm=0.1, pe=0.7, Parada=100",2026-04-28 12:34:38.709744,2026-04-28 12:40:27.216902,0:05:48.507158,20929.975000000017
BRKGA,trousers_mod_pack,1,"P=5000, Pe=0.3, Pm=0.1, pe=0.7, Parada=100",2026-04-28 12:34:44.080232,2026-04-28 12:40:06.190005,0:05:22.109773,432.61121955924614
BRKGA,trousers_mod_sep,1,"P=5000, Pe=0.3, Pm=0.1, pe=0.7, Parada=100",2026-04-28 12:34:56.575220,2026-04-28 12:40:15.187641,0:05:18.612421,442.432269062585
BRKGA,trousers_pack,1,"P=5000, Pe=0.3, Pm=0.1, pe=0.7, Parada=100",2026-04-28 12:35:15.941405,2026-04-28 12:40:34.806170,0:05:18.864765,340.9224999999998
BRKGA,trousers_sep,1,"P=5000, Pe=0.3, Pm=0.1, pe=0.7, Parada=100",2026-04-28 12:35:35.920766,2026-04-28 12:40:51.097248,0:05:15.176482,339.42749999999984
